,Feature_1,Feature_2,Target
0,0.5195965622534182,0.1328760582275248,0.27627622661313667
1,0.06620213618582627,0.9935449136305856,3.0220608428321873
2,0.3911133379680949,0.44283647985671737,1.9119305133826756
3,0.12756721317483566,0.4151683567841846,2.1415786295533596
4,0.3917241717117692,0.1361828563676094,3.753755875490598
5,0.04299418472356942,0.6167634250298257,2.199277688198084
6,0.579096953636568,0.9849876628339852,4.014291581576428
7,0.5917762576217245,0.32124822991924595,1.1193729299968067
8,0.10839867322947405,0.7757972626217019,1.3692059663655118
9,0.7357720798359816,0.7267124808106589,3.208248982663365
10,0.42567156672556883,0.8679398866787597,2.7999222805918285
11,0.14230518508961032,0.44184850927868524,2.3844178363548076
12,0.5419926194874987,0.3324416259898022,0.32383792199972006
13,0.02691603842425594,0.7915735036495769,2.578845115468914
14,0.23918810962938675,0.39834585392890165,1.740935115122149
15,0.7858247040751591,0.8284887978271227,5.242369072216244
16,0.9397065701907971,0.1336566480021687,1.532938475082099
17,0.36704979039967,0.8805060497457994,2.2168746930490233
18,0.024493592374053574,0.9935401063518849,4.423973781703016
19,0.42348727745297166,0.2900938396627277,1.7020782788034665
20,0.05783638899571952,0.2562761904133548,1.44567239837863
21,0.5279195110235965,0.42461553835843724,4.067299674916512
22,0.21470632364098885,0.23940203127066928,1.1237966174447345
23,0.03735235924933422,0.2459397537351683,1.5327035487500238
24,0.6461288172565032,0.7686980615625331,4.108994956625671
25,0.002713895789697829,0.6754337930812888,2.294113911237857
26,0.8422103448268637,0.05601745013241466,2.122075250741914
27,0.5479894929465818,0.877808516129818,3.705041359153293
28,0.7493005882750559,0.1790119588052279,2.200389085119336
29,0.6911845117870667,0.6170810955569997,2.361247984433799
30,0.04918744568301092,0.6352792203402515,1.031796239389815
31,0.009609272820397696,0.1557201935073309,1.0840584098945052
32,0.5588460594195552,0.68178882666152,3.0698318270362392
33,0.24511780635605074,0.25573413315321647,3.2783312555598054
34,0.45808016308974897,0.6954185507606946,5.303914607521403
35,0.0774989755621115,0.24558201292201054,0.7463704369283991
36,0.3837646562668354,0.6013818660866858,1.5562555807877279
37,0.6270841219326592,0.062368430273476716,1.2740640886981875
38,0.41593580967326504,0.3691442126930091,2.449121365249364
39,0.229934436760605,0.1788147264915264,-0.804033422120343
40,0.2196277316795875,0.6378805301664157,1.944835447624157
41,0.28100797957232926,0.7313141290801799,2.0220238233075847
42,0.9849057102228045,0.5702808538657187,3.074605076574029
43,0.43778049987506773,0.049151620735799595,2.7171147964998856
44,0.00919009348379729,0.9850022274904867,2.7536140180493818
45,0.17129316699630404,0.2761677809363887,0.27140967131315186
46,0.06377441765751513,0.2633318106880004,-0.17995076640391006
47,0.8275464416816364,0.881380453295887,5.436995829140382
48,0.22503078741691207,0.18818781657189376,2.5840637086476237
49,0.809580908885663,0.11829101274216858,3.836099955383326
50,0.1816894044676406,0.9624587484877216,4.3266071518713085
51,0.16957394092111533,0.31513452500816097,-1.0121730576066874
52,0.23628187635601738,0.2113228423564837,1.986358449174932
53,0.4756607885911024,0.3277260072972319,1.289050958030113
54,0.07925694714588505,0.27231242566706504,0.04916589803806415
55,0.962256446742653,0.01684484633928196,2.066009830559251
56,0.11094761785093221,0.06337799492696283,0.6088334833455431
57,0.9448027273143028,0.5150493117787148,3.8908304054354805
58,0.04627643022834316,0.027990791611145704,-0.3348861544043934
59,0.42680485603118423,0.5647508323877388,2.4209523356128226
60,0.44650182528006244,0.17077960267722103,1.4706863759187647
61,0.446091757001182,0.24594384535029923,2.5142836681881082
62,0.34589485034957723,0.22280867589369724,1.4392496063805043
63,0.9145774633550309,0.6212500422434915,3.9489248699646597
64,0.909935858902839,0.9055583115958419,3.0164878976120275
65,0.9895242623805156,0.20614960285182138,2.354250861954165
66,0.29564686152248587,0.20208514328869231,0.4742102651326997
67,0.443119991341248,0.36322683095530395,2.64096264206493
68,0.530422261774785,0.9883217694324506,3.434890087181294
69,0.8372844610052073,0.4287217904795172,3.8838215476439903
70,0.7822885605599688,0.9345235443374571,5.514996164890526
71,0.012204699255133233,0.23950899845989593,1.2019459838411093
72,0.26579322105498804,0.36864027926816545,1.836160079948619
73,0.5138801105703594,0.4662296404178957,2.379743113044555
74,0.4265956230153344,0.5471663757440308,2.401035219096268
75,0.4225897233312038,0.4477854852159049,3.672022265024472
76,0.9494580496307808,0.21882001300132137,3.6157037161775927
77,0.07176547411034129,0.031954684763038976,-0.610592846672514
78,0.7691302489443657,0.03681377893945037,2.7098311740259096
79,0.6380548122934095,0.9665525238048602,2.8250282961739943
80,0.03328132386362814,0.17841257591379067,1.5591000316783734
81,0.7712677475179097,0.41444467195534807,5.017567557448781
82,0.8827268962013184,0.276901811977008,2.935395704709753
83,0.5653784921874534,0.1702846938783471,2.1774615362153398
84,0.3378271507685834,0.3495625985239029,0.4334556920466479
85,0.72953513366224,0.48827735747336,2.727204304113591
86,0.628510902362052,0.12770336766056123,2.5943830689536176
87,0.3246278917114749,0.9206558341944534,5.563739592944829
88,0.23813673887529463,0.06882676222349793,1.5640632036288697
89,0.5962161833598442,0.04031176723161933,-0.7859019647561749
90,0.4442274572619106,0.6291668418743519,2.756754542682428
91,0.028931236344145073,0.8203930255752322,2.214617587774573
92,0.48261661668260614,0.6134396414294139,1.638276141488099
93,0.13799960108965148,0.40535173728811713,2.2922197117376646
94,0.19050078702410422,0.4684696007558605,0.16131777722929752
95,0.4947910637252865,0.26322218577448964,2.3222376552645403
96,0.27882776366157114,0.9774030804524679,4.698189701792668
97,0.5947158168298822,0.04257782185475234,1.3964505123413005
98,0.38678960786054406,0.8131844574614108,3.3749779864161438
99,0.43811560103373204,0.691557471329357,2.05516349602909
100,0.5444603662522994,0.3563005205406671,1.524262255544917
101,0.4255133652892463,0.8037331632634482,3.711015210913403
102,0.8888862393891139,0.1564194113853129,2.755774141459005
103,0.36173953401836056,0.9111665044352604,3.044092609687493
104,0.9064461427826247,0.5544077417632371,2.638479947807221
105,0.4115523947055947,0.46610355270348414,1.574921124303608
106,0.7602671614846372,0.13156851573842732,1.036706582291465
107,0.018169528170433602,0.264803357495334,0.8478808676156843
108,0.12352615252635735,0.7666200649185172,2.1084387717155413
109,0.7601374608886885,0.6619109809318494,2.953347856766615
110,0.6989004312694527,0.3775177679274484,6.075346966229947
111,0.3586185829199493,0.5704921917705758,2.4457515160960344
112,0.1095591151183104,0.814073788779106,4.834971079092025
113,0.46353626452967234,0.6583107154839393,2.1570024294993533
114,0.3871542227116407,0.9019790216428806,3.1119136044843203
115,0.7244762294915394,0.7170267140863421,2.726897189271045
116,0.4228131180740976,0.6869237934010313,2.372866573113517
117,0.22279912548589464,0.8019245311941101,1.8854551955333836
118,0.8328877670461534,0.012642329195737378,0.31144614480158217
119,0.8510005311051504,0.7360058977820205,3.5765261098892727
120,0.5886340784675613,0.155627637827509,0.31479404614267836
121,0.4674633517268292,0.41119950676125927,3.163126569173553
122,0.511020894795332,0.014316553280826483,0.30731948810015186
123,0.538799261333612,0.28429957482507195,1.7048553304984633
124,0.5343084043389266,0.3603463884393331,3.3813638046904497
125,0.3580883816392514,0.04129747979411624,0.8836727919113085
126,0.748815457134997,0.29495229966596315,2.560429045050696
127,0.35036146301598803,0.3066697913756151,3.5939542099303488
128,0.07142563513360833,0.8755043362499789,1.3695602693446187
129,0.4307228160247808,0.8395106400050769,4.160634781011767
130,0.9185271396297284,0.6615034361636362,3.198273016945917
131,0.24317311342500647,0.5366470082669813,4.095474612683165
132,0.8662244514932727,0.6266745022723511,3.146307803377578
133,0.1397774064367321,0.6887511258378549,2.173554473795974
134,0.8108503995621235,0.408691569933083,3.112970772123635
135,0.39976060884143827,0.4789817645615837,2.2067699432230863
136,0.6580824666491745,0.6018815421392065,2.4137721427813634
137,0.16673980697809154,0.03729687610462851,-1.487394229932871
138,0.3298395507628451,0.558515220047438,3.460953520604642
139,0.7453539312747228,0.01501505133078429,2.049721794643211
140,0.07961896218825415,0.8361948939002558,3.49171973984473
141,0.3821111231766323,0.9107899327800405,3.4627707895440434
142,0.7772546101954112,0.8065065187418914,5.8393394781915156
143,0.7808930673289729,0.4267782222058564,2.9442468349280273
144,0.0730715416585942,0.9754072822141988,4.734662310683196
145,0.18051991626123076,0.1535801246923365,2.147476626505018
146,0.01378839409699184,0.8302849404806677,3.864809576731231
147,0.28561704936786725,0.879495976423075,2.1017842203143955
148,0.3005983331421406,0.4197773483146383,-0.47658778717815786
149,0.8888158901260886,0.418117271655,4.512054457889205
150,0.9698841428761158,0.06545790737764645,2.1207370858623187
151,0.6434599807214465,0.8397993948629,4.167054427897749
152,0.7304282874535011,0.6125870504261999,2.947973562391078
153,0.8366810455900534,0.9408333016719856,3.9267893239666853
154,0.4815339842245041,0.6703584786529164,1.5565270475713477
155,0.057380430018784456,0.40767098040950234,0.9914912115786761
156,0.18326534483410206,0.2045357089622183,1.0977913302455995
157,0.1975278007558754,0.5276649884618945,0.6222077695196309
158,0.5717193078697663,0.6737050103968065,5.45773033856203
159,0.4705543861357008,0.5814425330004144,3.2133083638832933
160,0.21894746466457127,0.568169015896057,2.258518893652007
161,0.6249099122512015,0.8587594174613488,5.811260333956385
162,0.9943326492414258,0.33548342737853776,3.477026980733295
163,0.4199622372653804,0.7515112534415856,2.331697235412461
164,0.42771359651087304,0.6311038781068731,3.6127713298717183
165,0.18730365222428091,0.3193323730492814,3.2654208230051047
166,0.8676998433624887,0.7904851339015593,4.677017771897494
167,0.7631295326487852,0.18982590767938978,3.315365644890711
168,0.03141493967585629,0.28294057499938996,1.317690003042876
169,0.09204853960626713,0.3335837345886594,1.0448383475748209
170,0.5336203466754783,0.5115630052472816,3.18263904812658
171,0.8775628339412878,0.8057237394852916,4.808695781693107
172,0.6040717561321032,0.5303587628253518,2.5523313534829253
173,0.2926378836289595,0.777762745305452,2.2594790440250816
174,0.0521185041809753,0.14833202708050275,1.3902486568180241
175,0.2425617443235374,0.8395167876850619,2.3418127454641517
176,0.4635287720950718,0.06545734301032258,0.16106581397555964
177,0.27112331318645055,0.6290246128585688,0.4928345888204946
178,0.27711257631380715,0.8133869320330018,4.910237405828353
179,0.32327447400446996,0.5749574866957086,4.206124494652187
180,0.42209955971150426,0.9141856362422502,3.9227158002525466
181,0.8763008478191038,0.0073140497979401475,1.0781443335440473
182,0.7291185706333771,0.49204681460338595,2.715226396027951
183,0.09561600109354151,0.16417935737278844,0.473972695460646
184,0.31919716582630453,0.48658605690490686,0.7224716503807878
185,0.573871495345071,0.10560534169672342,2.9800725286340963
186,0.9260989873247432,0.7309165682366366,3.4932836707544643
187,0.31816184759454325,0.47644336454172587,-0.0619391482921805
188,0.7056906585337295,0.3359623917445561,0.7341094921346918
189,0.4435964034785903,0.49979752181380177,2.2427282750041257
190,0.14502781210674387,0.9259106121507837,3.1650649293842434
191,0.3106120695080552,0.699185492784936,2.0243305380811294
192,0.9656056836883897,0.23381704313601948,1.4194570396598494
193,0.4964031537581449,0.7351817167335457,4.531047754432117
194,0.77952695933275,0.6445330448763608,2.1408156703362105
195,0.06342772661999418,0.43408750094464776,0.14320936506600623
196,0.9072629291294697,0.5740067689190276,4.1494655089342265
197,0.6793881087551371,0.9140373477435297,3.738220674799347
198,0.2216803650708018,0.21786988815303043,2.18306651592526
199,0.9005630373855764,0.91906413494809,5.335820494172287
200,0.764016249416066,0.9892583812284166,4.3810570760009275
201,0.012139876191291532,0.9516184895732136,3.1789073535472543
202,0.9251582404719869,0.26305462396989177,1.6463960366636505
203,0.9397572396847337,0.502290156502551,5.547454209643605
204,0.9851460833168049,0.9135109091335348,5.279427159486133
205,0.390659620377808,0.96516438183486,3.8511034931834525
206,0.09967411663764814,0.38831287073094667,2.8304627528857997
207,0.6157859652399972,0.6298821332423797,2.801830239044042
208,0.19995326690547488,0.24785851498898215,1.6384630085809602
209,0.5638370861836903,0.7480195110325826,2.186580745290448
210,0.32337731227245936,0.9682256372359072,2.315090694559455
211,0.6764684844744769,0.7351368688647979,3.42997590792794
212,0.42774471329052066,0.49042495100540107,2.8602008839306166
213,0.06525931197223478,0.0008720299409753496,-0.4058402880165134
214,0.26955222586867855,0.6519478127955396,2.9346130959807093
215,0.9126069770265857,0.8546683365907526,4.183166104773694
216,0.9532849371299316,0.93633797882717,6.16614591368233
217,0.9545534106434412,0.5590060119634144,4.824641391165815
218,0.37578216587666746,0.99029603718977,3.785035539854686
219,0.4116856427384116,0.7145070952038391,2.9351308338862188
220,0.17624921004068106,0.10959874679379122,1.165237848293777
221,0.19453994701707356,0.3792402985532868,1.6242718552775115
222,0.20539782194747702,0.7939893123895886,4.788794358140109
223,0.17679727758100894,0.04965662450811559,-0.9946184488325109
224,0.21595105624976052,0.7064407926665676,1.7093589981490207
225,0.1657418977167846,0.4649687944304658,1.8191028884968312
226,0.06071247435206151,0.9762705851165392,2.5701297859455714
227,0.08435021317651414,0.7275554078411054,4.061040706383741
228,0.6759102550989475,0.40089637078349594,2.465170220533397
229,0.2043510214554215,0.7411084442943027,2.9274827759719937
230,0.8682465581956351,0.9488731040527125,4.932598905356166
231,0.6551927889728082,0.16958563587702646,1.3802102474005074
232,0.553620358069121,0.3703612673205633,1.2567195106351714
233,0.4870807673909482,0.7648616366346743,4.712793007054265
234,0.6004971254264176,0.24224996190041714,0.3333746488699598
235,0.9726389933204794,0.5908449541090124,2.592314646198534
236,0.9747069292760426,0.30927973688499066,2.915830208391417
237,0.056875916540555904,0.00657755228359258,1.6571556943945653
238,0.9092938979126909,0.9874714413186557,4.594539070400161
239,0.7250874655870488,0.8913712939764428,3.1641873634485678
240,0.28160821930255453,0.23346148443357784,0.9560208227174918
241,0.8960184424560794,0.9086420276397084,4.2899993346825545
242,0.021076034048134407,0.8994016945219152,2.850664106774956
243,0.7469589791735242,0.1946299303530541,2.576348996572944
244,0.4722364312643724,0.14165377432510773,2.3999335149828775
245,0.29766666802449526,0.33079429816952577,1.0384765910165619
246,0.054794498360021926,0.30457716444850413,0.09674011773029534
247,0.5482710557867064,0.33303012408002985,0.35280763582510444
248,0.8901673009582902,0.5318339938329966,2.9453489344506587
249,0.24020263842885647,0.6913718049378254,2.4100902147426755
250,0.39455562740315464,0.7389839639549548,2.6682616923874742
251,0.07232939166382935,0.8507620971213875,3.583226921859913
252,0.2879940857793325,0.6384698658934767,0.3023207851045733
253,0.5760225344756355,0.2183954217572528,1.6958858165440447
254,0.48755030366835206,0.11036184751080824,0.34914999584952866
255,0.17671937932650483,0.08966413012817431,-0.16696445150425254
256,0.4256485646829642,0.8855655169566882,2.699847335092669
257,0.3842509171884103,0.09883599797370468,1.7647043764207062
258,0.1459261687013088,0.15163272100981817,1.5926785126681664
259,0.097348289686216,0.26590216119113674,0.3566793774067729
260,0.265744228222092,0.1364851547360284,2.467800708094172
261,0.06680289480694857,0.202447131271562,0.4445425836087318
262,0.05098828746375472,0.3442120117663441,0.8775794999895252
263,0.7294500906718671,0.6382387920282353,3.521896552760735
264,0.206423088931597,0.62833040636531,3.305180189975827
265,0.2568925547569346,0.87259515264436,3.390346907778537
266,0.005958159810559471,0.44808722655208877,0.9352796909976709
267,0.17201778581164673,0.21738263139567637,1.8778346050612509
268,0.0858314540588474,0.779702242928257,2.7982902799415963
269,0.15225774806500958,0.8124629372605737,2.525452529031285
270,0.41986624517751836,0.7367840193376076,3.2156370275836776
271,0.6915500401616133,0.5856515952016496,4.157369471573366
272,0.3333359807142976,0.8104517062693481,4.285624973890982
273,0.6293339710942604,0.23183381703522155,1.7302871602868926
274,0.42910364979719007,0.7043192748095933,4.717959064848666
275,0.7130867355123902,0.5820497818532011,2.2284109431455406
276,0.4618592750895515,0.3950870161257566,1.6685647063034759
277,0.3822722861514828,0.9671976354992368,2.256551550311614
278,0.727716199699477,0.3158149989438024,3.1791756925390233
279,0.855365464539711,0.1799598623862001,3.2103473831550287
280,0.2695797769801731,0.4542077012170782,2.090305276164697
281,0.04268542187055557,0.026764845298283935,-0.25390392235594894
282,0.4004749662861936,0.5795955546191165,4.387440697916258
283,0.22426152507775865,0.8161734170206331,4.3794736094882225
284,0.42231244284200053,0.36292378681589355,1.2696864661444085
285,0.7505159174169452,0.3009753816601036,1.5477022613457077
286,0.7971040730218744,0.9577376943497126,4.4219966538788045
287,0.5244146105477913,0.40161269685901035,1.6112923023279935
288,0.3965419010544685,0.16133819909914082,2.178248697946272
289,0.9239192571192357,0.772777673042838,4.516795536942979
290,0.21068830333058197,0.927544884452244,3.51459527296795
291,0.8860833274647304,0.03657007787586819,0.5222711867432375
292,0.9982115156284602,0.9112673038420785,4.91607214294527
293,0.12245897488272317,0.29143722480209444,1.2032404951912457
294,0.3811412028961575,0.9183040029319888,3.3581952297506636
295,0.2263983624857513,0.0918863269896305,1.0126598913756133
296,0.8147967985996877,0.481019951295645,-0.2898016078105887
297,0.03189406071504619,0.9846342815725504,3.388093311113818
298,0.6422943404424947,0.3081422761891257,3.005020359914277
299,0.8447687492455236,0.39018462276619603,2.3380660648886646
300,0.18360896180726372,0.8798285654589638,1.8810805227232164
301,0.1888434474862225,0.7559495439654972,2.412130032911422
302,0.6648390877369218,0.2586001135682856,1.9240745519610467
303,0.45940159851997764,0.6978165971950681,4.371456284748834
304,0.9135855103432209,0.19330458830557318,1.4964590107858173
305,0.5377531288904773,0.7521970380820002,4.690260327879157
306,0.3064139063320953,0.4746610136038185,3.218805641834557
307,0.6526620945012817,0.9843456573107525,5.501646837124238
308,0.5739880242070908,0.8111487610111661,1.8611158945025208
309,0.04438223384651263,0.20506411955221548,1.1491808126271406
310,0.1665450247170741,0.010910642669177961,1.1560864977131402
311,0.04000354790728322,0.18627706691494417,1.2750409299661778
312,0.9267878690848094,0.43099005519615474,3.0466069675518956
313,0.5654669832877245,0.4058454511039731,3.7869791189582003
314,0.4443982904578043,0.6633407432628503,2.405440536037748
315,0.898522791185285,0.7344508617353945,2.5595801551021786
316,0.3665419735717719,0.1347151210495212,-0.14823588853346403
317,0.022827032782350876,0.7874515402406415,3.9773274082491445
318,0.8095939613055573,0.6171807091480563,4.740706852838346
319,0.8798383638069031,0.6794375658617653,4.387453685383197
320,0.28260893777659324,0.5351344702103752,1.4137824243023585
321,0.8277940372197854,0.6834055010097407,4.586645790447211
322,0.10191965851283002,0.5510632682718449,2.251232583944409
323,0.6991882845432911,0.18903464184821306,2.096674843339238
324,0.3406697216451816,0.7414084447177037,3.360403115016256
325,0.5025192510949876,0.02989006802269112,0.45558774936789426
326,0.49842643409224263,0.12737959315723768,2.1736622179741807
327,0.9322395235774479,0.6253624692883127,3.732686553974357
328,0.26996809979588143,0.5125114807205271,3.132916799021587
329,0.492532447319569,0.13204216198334096,2.9824566787235316
330,0.483028502106969,0.02110817951021915,0.9365394204780805
331,0.7372047193749276,0.7481901005038999,3.6871495692518588
332,0.9569825388885345,0.8604421649871635,4.896211715688065
333,0.5935610561261947,0.6577907894279622,2.2314923262542123
334,0.6958179032665602,0.7446139316209575,4.018534540855751
335,0.25837707582262726,0.8839444150380117,5.201754619046447
336,0.7412642182906313,0.035368232604045535,0.34635694703858433
337,0.8667062739740377,0.37501287084953283,0.8626266788641084
338,0.962368126010981,0.5620533218222379,4.991845872409108
339,0.5761113573399004,0.10346785921617607,1.6196105718618747
340,0.19741943863756195,0.4944561952372355,3.154868144512158
341,0.8787286086622711,0.015581804085387452,2.3715500344771936
342,0.20445419434580747,0.4433125909694591,2.2333348416647554
343,0.7189802548194666,0.02972727028627964,3.3061826387606996
344,0.24777988166009568,0.34055125538102415,1.227924782553703
345,0.32220182441989775,0.7723679824582597,3.382238137800816
346,0.3927695228706365,0.5678978748674838,1.400027571790526
347,0.30664473708286355,0.23890394779648338,0.5905934905476227
348,0.17400013358050137,0.536726855076754,2.4451787975079076
349,0.0005372202919176061,0.36120423890675746,-0.15798105446906296
350,0.561550239241582,0.23366693832326646,2.2370040137968403
351,0.36053290999801446,0.8268146231941873,2.7999954039492594
352,0.6203915726138605,0.6629340018106025,3.090041835182905
353,0.9158198873941693,0.5566895853146048,3.7842985911924933
354,0.6230921197728077,0.49371800450802417,1.5181997082267238
355,0.48865770995790037,0.5249527070522133,1.3470851607628378
356,0.24004879520928735,0.5898252417421662,3.4762600677095064
357,0.6772891955243754,0.553443426397592,3.506002577584006
358,0.7976451688790481,0.10297994689722445,1.436767669987309
359,0.3483038804113703,0.11357437039434659,2.5064595686643822
360,0.6501950435934416,0.2405684836485571,1.3864043515264024
361,0.23081942891540086,0.007788490597945064,0.3905365817401571
362,0.6843411082880946,0.998699960550118,5.641424111043092
363,0.6342064689766025,0.2475722894079566,2.0194523763566137
364,0.8454639295202742,0.9017178293736594,5.478166087742091
365,0.3421982648963179,0.7770785386566413,3.211738672479889
366,0.19237810773351083,0.6125854747402905,1.8638094286391143
367,0.8503958615155749,0.5945459906467963,2.8398528402677847
368,0.1946112368666416,0.5455127507460571,1.5720214108268658
369,0.34528640945800004,0.5791261180901432,0.9909561578861359
370,0.6099621992221518,0.06141335186026653,-0.7764492387806312
371,0.9254232973170279,0.556407323154037,4.492436203686523
372,0.054186675621665015,0.7849304340027072,2.812301086007297
373,0.3990019878611316,0.2725219238829386,2.420856584081182
374,0.5705440359878236,0.059972361115848916,1.1500721918019474
375,0.41031791111689453,0.9029128368381092,3.0256016807101274
376,0.9884494676584928,0.103620302269819,1.7928145498598296
377,0.8459396967537696,0.0017257874030995879,2.4948181224416577
378,0.27497238348166364,0.545438021707301,0.42794276213795346
379,0.4563883227791018,0.6534828604197525,4.539171577233926
380,0.8331269751476202,0.06384700021848044,1.630195429230885
381,0.19462694564129535,0.6696078079005573,2.3961769541685407
382,0.5095203721200051,0.16907490085804844,0.42111793864896296
383,0.7265863433887468,0.19337888283659432,1.9028260614884491
384,0.9954217675681731,0.7501761697114594,3.3818413736971493
385,0.22668474249733483,0.19344775845130202,1.3123317132365906
386,0.506432133583951,0.8195724279297621,3.9635584145665432
387,0.1336923772075398,0.6448471478047435,2.1362377711853626
388,0.28105190737846264,0.7764819645283823,0.6300071951422579
389,0.6274565605158493,0.369156104107226,3.5346923120599447
390,0.5522415079975881,0.5646072835069454,3.828399425977155
391,0.17017410867833394,0.5823867709333422,2.3023167670652955
392,0.8971251697848703,0.9905747128219852,4.205627051461938
393,0.649244778726571,0.6452988082983199,3.110157828690994
394,0.7643062339100741,0.600260258487223,4.646992289120931
395,0.6741883095579938,0.2545775354473159,2.7548264645140517
396,0.5859483106057407,0.606889849092667,3.195600287588234
397,0.7196057521312403,0.7030619181680333,3.512493539721829
398,0.44064502946583217,0.8292879578822295,3.0666367312752616
399,0.5622604520774873,0.25441375092816854,2.5616037090212593
400,0.7241170387377892,0.7421328209641646,4.366804079889764
401,0.7364846734883275,0.6322369294974479,3.597787784533743
402,0.3626008653670597,0.018514283083938654,0.8603804165415213
403,0.040060104162286225,0.7126692951594796,1.6447625225460172
404,0.1950171599539039,0.7012428185114121,2.6281107428250023
405,0.1971686089435667,0.4649749958446834,0.03738358950857901
406,0.8843497349752213,0.7048819819930857,3.0296896098785555
407,0.8780538248718215,0.02918837075036318,1.7910110168033762
408,0.9107384380240081,0.3756551885253674,1.5773508933847196
409,0.5815657501539676,0.15444185415033873,0.3884059047475019
410,0.9206405034239148,0.9311266288582756,4.340218121475094
411,0.9446038709933131,0.6501254788387247,2.4749993727526114
412,0.3101777400411494,0.3025231543362096,2.553021041125035
413,0.9399919097766684,0.04426407807988031,2.088570079927291
414,0.29197727153578634,0.0573302587186133,-0.4911712721930983
415,0.9013386269766567,0.1758674906906027,3.4803769414393626
416,0.3473303196156421,0.08155901496387274,0.003473657157246901
417,0.5692438263499129,0.7040297024385459,5.316569091097357
418,0.36314278522118093,0.13961771075012608,2.067351761015723
419,0.2918796432864822,0.6900605864671234,2.8129201363481187
420,0.08101088736870787,0.6794017522849988,1.3551132887682735
421,0.4972462050283216,0.017105755799903588,2.6145001787564475
422,0.9280383194177816,0.26324284151063493,2.8432868852340243
423,0.6420636545850119,0.3337471016908877,1.8550120387838316
424,0.225403698753329,0.23158906446189964,0.011992020440974027
425,0.1436512224772616,0.6919407464909584,1.6312817643863222
426,0.22721639595706056,0.9323520952380281,3.567596223228923
427,0.6540808878644995,0.6991831420481792,1.9389042321541599
428,0.07658855835446243,0.9741801124442528,4.995487741959252
429,0.0746634564904155,0.652844468513158,1.7643169392908993
430,0.42794421985611886,0.6917045535401346,3.8782278995343855
431,0.6773381639503117,0.7553702972875387,3.2417925761591913
432,0.8382083186345298,0.6553900465651505,2.6397679201652133
433,0.2821255814127456,0.38533810863941687,3.4389564394658216
434,0.16351604178218082,0.619395546316076,-0.14760196286927663
435,0.8907208598308224,0.4847776254034931,1.8399522650830828
436,0.8432782414514128,0.46314355243183936,5.4167838386930915
437,0.24401871504089834,0.27247565367872817,1.5470620037731726
438,0.27567621646863416,0.22535278975086193,0.9545216768686346
439,0.010437644304520433,0.9803352540079728,2.99387924243221
440,0.5351112146059249,0.33802355107851056,2.3020132947730434
441,0.6236284438882295,0.9706177923307746,4.32918039473453
442,0.25945816579092607,0.910226438599988,3.7407554785120247
443,0.33606915660218084,0.8875239805666421,2.7384743017698208
444,0.12965322125198075,0.47084842880232125,1.3554522827769206
445,0.05250143805253149,0.7656246641103105,2.8048831917544073
446,0.9831731805379248,0.6722943332090495,3.623888871344253
447,0.9359717966080412,0.6908115145285596,4.305204739907831
448,0.04193131492682267,0.7822683141015536,3.1989131880054913
449,0.5471252860681054,0.39967871123881515,1.5738026644080136
450,0.7262295349867615,0.50744039151424,2.4971201171558204
451,0.8528118177944006,0.4660736877445566,3.28205112495028
452,0.18129581081911472,0.155448255383123,0.4887576296091924
453,0.49525286315885386,0.396702172734971,2.1557349700892754
454,0.14211977752917349,0.9736933273433124,3.43945307370174
455,0.13147655624028032,0.9365862335654479,3.7562146905784433
456,0.7919055490883972,0.27216053839764465,1.6838338026304736
457,0.8159538552345835,0.6464669615955857,2.90372542578997
458,0.9192890557226053,0.7087816028722406,3.5043879701721523
459,0.30800602004900224,0.718409521934683,1.8291985864240945
460,0.17879159707609737,0.29578478974062083,0.43171289678055214
461,0.8666393013604969,0.2789883281146309,1.180567329482722
462,0.20440223380887446,0.4563959971008589,1.188290910428141
463,0.15958378110435867,0.9870886717317434,3.0436010899081927
464,0.7155199725818538,0.5415109871783509,1.933247121908463
465,0.6789480472821767,0.03568942201757741,1.2326358624545473
466,0.5067590314590453,0.13203171304269756,0.8183715054882161
467,0.3734333776071703,0.6920620864654049,0.4796845924014126
468,0.943567823710977,0.5139558815180558,3.3790295636642687
469,0.7978257904559525,0.6048108315673869,3.4593371845109195
470,0.9074769755820423,0.4435031030678329,4.644235190773408
471,0.8305610545502586,0.3969365396853588,3.343540926013943
472,0.8780084859278029,0.5799606368884593,4.3264125105363584
473,0.837416557472034,0.11653774270806827,1.960508441980728
474,0.6171649393110258,0.35946740468235516,4.715031538348413
475,0.7043465292478621,0.5605625204357818,2.5702148845952393
476,0.8912064675403674,0.6786898413842484,4.0328706712372435
477,0.42780481037796414,0.8966084048131779,4.921769160585001
478,0.30764124034330054,0.18413288227477265,0.8596388922489216
479,0.8457337270283574,0.21664966044904488,3.4815221368693283
480,0.3838725076216344,0.08956761246925882,2.0369697281573047
481,0.8790364179298475,0.48885760686871127,2.4280894866852876
482,0.9859927734839713,0.8141627369824956,4.66672749152489
483,0.9266952556870611,0.89920287006865,5.480141438580545
484,0.27837641725150686,0.5155312545280355,1.4635555071114787
485,0.992036937169288,0.3325662954412778,0.6822418872275713
486,0.9584836105146024,0.9184975297233864,7.930490188742949
487,0.769236461102127,0.7985095821013725,3.097609524285266
488,0.1408566734929304,0.6022473163514483,3.684354094174748
489,0.23937671599036958,0.5271746393639619,2.539725226572317
490,0.45163471520850196,0.12731911325359802,0.24405526408037392
491,0.7177198372460903,0.21616255540869211,2.6734464887583034
492,0.5050713877978472,0.6876372554420885,3.577395214191082
493,0.7834617705989694,0.046445125813645904,2.91182573762476
494,0.5511216216869337,0.38467187923077284,2.760332282425627
495,0.3199218012008759,0.04873955888503079,0.9219099184129335
496,0.33702126739748206,0.8063823785389151,3.432848060534302
497,0.20273563649501314,0.806305132459431,2.9097145136800306
498,0.7102437624248155,0.358441507711285,3.410159521141287
499,0.23194976145307777,0.018503811665077752,-0.5847392664051925
500,0.1901385735665032,0.3277523262194866,1.4643812639682576
501,0.5044446805984737,0.6328790336660591,2.926772824888402
502,0.5373210899468149,0.6097060919164939,3.70963147469317
503,0.54139497379774,0.30736872327364995,2.3531906831017735
504,0.0110727644955253,0.028606493917553877,-0.235469615447142
505,0.512912444834754,0.9721060876939198,3.604525995479457
506,0.39495449442671604,0.47385369289991186,4.781995053360035
507,0.12100908682419165,0.2891450018688406,-0.382266838976298
508,0.6955866161272977,0.47804253439664457,2.247176304884546
509,0.8554776106581147,0.6831354220943713,3.8266829287892703
510,0.7858686363677655,0.6434376539728714,3.029314372970629
511,0.7468637329484622,0.5876439168969471,3.749429885485395
512,0.934298366684711,0.5162265050238202,3.0824401617010344
513,0.5857542270898984,0.6908224051422069,2.8301608692216766
514,0.7729968552082039,0.8598019798987633,3.142201449717553
515,0.9238447409696936,0.9646563560874707,6.722200557727953
516,0.19878594731566823,0.5695436008062947,-0.4083822794022889
517,0.3538759022224168,0.5979206762337059,1.6726723497165055
518,0.0959093327552627,0.960713677901004,2.6882877494783157
519,0.621320324770276,0.312188243975276,2.012698313695806
520,0.27268905471249527,0.7986277269884363,2.6959765730593386
521,0.08714485209444722,0.2863600491079912,0.7914418301577186
522,0.11185498890457735,0.9131849783766999,5.0959072198021484
523,0.45727848652065695,0.5574208366745768,3.6175093807086895
524,0.22917046971676458,0.4199274764581413,1.5545166867058682
525,0.14275310409589415,0.28669090749560067,0.6793975793200389
526,0.8072974731482272,0.5697618029512692,4.101562033312343
527,0.09040635590692236,0.7128129298235808,4.300276734250715
528,0.6010242981777265,0.490619161541211,3.9313919427837245
529,0.09679998681308544,0.6870085421323493,2.5918805692786973
530,0.8477134410862006,0.8108892952755268,5.250321132544407
531,0.8140354621138722,0.01609469078584902,1.5325236296982558
532,0.7412936445187712,0.9519562225989758,4.818080188592139
533,0.2495999764181226,0.7816275920103832,3.8731752773048025
534,0.17146022673622652,0.7416274454097308,1.6834189488044409
535,0.1494983448948235,0.11487839964912372,-2.142509918327098
536,0.7781303794683476,0.09091949207911287,2.596703272755676
537,0.7140358333081676,0.6121256938172618,3.6434399470266614
538,0.5506857091573866,0.5467661993738157,1.8320695218418774
539,0.9982659760770569,0.007057343494426327,0.999145528735049
540,0.1930816752481398,0.1451902345528907,2.4585670147186955
541,0.8700248962460194,0.8096537827474712,5.090062999080755
542,0.7535678742551939,0.42372537211216144,3.0549350202948413
543,0.18888147979135395,0.7970298036825074,5.195847129891727
544,0.9967445379645831,0.23223354015888786,4.3253946835559
545,0.7768186948651056,0.14836714510934035,3.2946369203975685
546,0.7818470257807354,0.8852218463043371,6.970675412006793
547,0.44836316785914454,0.057315022567085094,-0.7092845712804061
548,0.9105420799945289,0.7880375699310048,4.671006292261649
549,0.6397228092771589,0.20591344019827762,4.217171756919119
550,0.2854910441616014,0.538320954354048,2.8753791834201308
551,0.7873028602845022,0.6894472090763076,3.969979118899557
552,0.6473046489605353,0.16755779537273952,0.9154985279575767
553,0.3959478919132028,0.979336761096908,3.197101395420481
554,0.19233634924181264,0.993429393386517,2.5296704711358746
555,0.45587994031821466,0.8236608786200549,0.6654944155700746
556,0.4797616758129425,0.6411775693466675,3.5058421287762607
557,0.46468010581135355,0.9452447734325786,5.586032714892072
558,0.34870870662662845,0.30153511251410425,1.2193825811624872
559,0.9544775362778308,0.09731466047479298,3.3792998235784046
560,0.9096259639686852,0.42551163674015946,2.7505268080152354
561,0.5932685900473308,0.7547190998091934,3.1643142914758733
562,0.9169754105801433,0.9473365887270727,5.574591469463893
563,0.447058088920825,0.7315385251338449,2.5401308492866486
564,0.2998634771057527,0.15189493362345263,3.7109266606959923
565,0.12380894202129944,0.2109638905559289,0.16861567895820329
566,0.9804228075182102,0.44974864642402446,3.7220871577260657
567,0.512366038308851,0.21415959117987815,1.719801334712092
568,0.1329854897445265,0.7990045745080888,1.7353610086116906
569,0.8226857757732059,0.45845780784703904,2.76649895980408
570,0.9860100786589121,0.6658540732947332,4.029769048141128
571,0.2466650850848927,0.5166850546999084,2.4721226830338012
572,0.21294373022933188,0.4556929900318849,-1.2372029519975352
573,0.07059045531087893,0.32663213626635323,1.4304758569937304
574,0.5580316949072364,0.4535469828673083,1.1616890029691835
575,0.7528231534520468,0.39669412667973414,3.650400644057174
576,0.6874914430194473,0.46835824617423105,1.8620579906430017
577,0.04138780860786517,0.08646994981152001,1.309060380204071
578,0.5259829498389909,0.6850054540666377,2.4244678807717026
579,0.5151409935642154,0.6497001074063538,2.909112864285459
580,0.8848198094293613,0.6254486702883999,2.790173198686765
581,0.33458242460023,0.6439771217823259,2.940985082412201
582,0.0923237912625835,0.8808030495003226,3.050106789462145
583,0.3989657006568371,0.7047889981230718,1.3388128172211406
584,0.9349631867918123,0.8636875869881198,4.346175756952088
585,0.07147875140606852,0.5912219584355901,1.1862315004123594
586,0.19546756069292626,0.0947293428763395,1.192585892663788
587,0.49640857095054103,0.4530177948383102,3.9459998443472837
588,0.9406186896724577,0.06991695247228058,2.6750486292441593
589,0.10190494352963175,0.15020415575367896,1.827723382418406
590,0.5960432229763422,0.13996135494929385,0.23829824283599876
591,0.3329807810505513,0.9367096557836132,3.412633781536704
592,0.17430084179794403,0.8468217377669431,3.2241330698407404
593,0.03534824991611163,0.8221153356211356,1.33617127054931
594,0.19788281211536152,0.5081640644993183,1.855161595041329
595,0.005659858768156334,0.9570876484212703,2.1477053689907923
596,0.09033445965228104,0.20528728580462297,3.055916126391995
597,0.39010179470132156,0.041925876327054135,0.23368862114079314
598,0.5605029226143726,0.5945731702600962,3.097308011136473
599,0.5102271712322,0.17574638275729892,3.536221257394455
600,0.418709574538364,0.9057249020004412,4.668463264446246
601,0.5219099947009428,0.8673772589395249,4.162016598815132
602,0.649925685419936,0.14912880793238248,2.0556324389508074
603,0.6443574735913999,0.16633865006063653,0.24853043056013036
604,0.3513502500620159,0.9433539265679063,3.3024636033283623
605,0.37938452656031474,0.9205184273599043,2.9442738502557573
606,0.8603600021279969,0.008617480961677249,2.1100378502414214
607,0.7340709734372223,0.903350390701406,4.110047421685084
608,0.42614529305913984,0.18201763806474136,2.013099035477196
609,0.20934755440779884,0.8078031772565165,2.2821331052442897
610,0.8716014074647549,0.48088082781111297,2.75196571082071
611,0.6304946456697571,0.3838845449376268,0.8951826068321127
612,0.6363359023548825,0.4483420819001007,2.7167803795793537
613,0.6560689707146607,0.19769789953265982,1.7665183703331868
614,0.1082110249093825,0.5271469954447692,1.8147403799701232
615,0.6877861148813451,0.45804336242043375,4.261268649209745
616,0.5705933797111955,0.22048886730826134,2.4864521805124715
617,0.9967448216005559,0.7763068696846421,4.871366027227737
618,0.968455241063655,0.7837384527576186,5.60323922795655
619,0.21371493140969056,0.787284067490161,2.16333557037156
620,0.8962746143532881,0.18804194157080634,2.2172090457176
621,0.6623543551256014,0.4105213785003202,2.3269972495829805
622,0.20440884487447075,0.22082569979841726,-0.1988949156195683
623,0.6674778765972854,0.5231835456449848,1.072395216994361
624,0.8499505183987461,0.5065914183643054,3.2664603613875087
625,0.11280636169424008,0.8179157432377664,0.9364445016665468
626,0.19953096447099417,0.4459836181706178,-0.6407695977474077
627,0.09152040609636292,0.7086168333077258,1.2082764715600216
628,0.8352929132161958,0.30081259920275094,2.8325836129732678
629,0.7306632866159012,0.5776929890801811,1.9387002748933602
630,0.9668140621001206,0.754244560892657,3.6890671794477328
631,0.9757680616661988,0.3289727646229941,2.708483341706923
632,0.16466150549881242,0.2960502282722982,2.13453295678866
633,0.817012834830643,0.08649695869228602,2.633625240398585
634,0.03219179957051865,0.3712496649863637,1.9937513441307484
635,0.5530573332071231,0.9534568718474417,3.5886662922787167
636,0.4872281050969186,0.37742967218531265,4.621792260882213
637,0.07787322186087853,0.8616631468383896,4.6108916671359745
638,0.4670400677881438,0.6927227725790105,3.881593744462071
639,0.867086015521759,0.923838814480806,5.337971752485034
640,0.03533067732512851,0.8260239337267119,0.7052581708240402
641,0.20312872180231645,0.6992037502672742,2.907559348921603
642,0.2725094513116061,0.4763897291729533,1.925026147258304
643,0.7477500274572364,0.17233529227741906,2.9252502079904845
644,0.5468005935543673,0.7347413516378174,2.45594377436711
645,0.7148715780465242,0.42675463826082405,1.4554942647334554
646,0.8916814578920127,0.7757788859844092,4.346047356276565
647,0.7891453854093379,0.0423088161590327,0.6725963483271697
648,0.29679202111887104,0.7608447115168365,2.932791908614371
649,0.8220121860830452,0.3926674440742508,3.316894083804783
650,0.8869158601670815,0.00929873231724443,2.176618328644227
651,0.7494690845764451,0.1690371397562782,3.2243321496931587
652,0.9201116649219139,0.47942625300748176,4.916040690947024
653,0.029416148829035205,0.612903041140036,2.70954593327291
654,0.15880006504343702,0.257190817783998,0.22006301239092207
655,0.2876596022863469,0.5310435423617805,3.642531681759081
656,0.6141383332788746,0.8310363716347635,4.603493226407098
657,0.31722070670062974,0.530427918466294,1.2230580679112784
658,0.8277918143300088,0.3186973400056399,2.8980844298279225
659,0.25509667454610974,0.628593366064306,2.3680147072783346
660,0.259646512720629,0.7265223044559006,3.8570663823718165
661,0.31327569818736756,0.09759142298027557,0.9824106474432751
662,0.7136837052504938,0.935386598982141,4.661567716697153
663,0.4961534640484043,0.4487421865287362,2.650133341099498
664,0.3504959930529252,0.5659369751362279,2.195397057641448
665,0.8076723377472355,0.6823148679704942,2.2589509122161457
666,0.35087597159730144,0.9838835435972333,2.991451014508173
667,0.8495001556163588,0.20612499219689928,0.8603154454896136
668,0.15044219681943982,0.6127514644664578,1.3596629883343485
669,0.5534392991526856,0.7962736872801159,2.5618449466446997
670,0.7809334129516933,0.957979528977083,5.319109235272553
671,0.8642584744774966,0.44043580235348045,1.1135293106863122
672,0.7447884459980387,0.43248250419904866,2.657353654417029
673,0.8245953606800082,0.10907188445449134,1.9202964909202758
674,0.013842314357135899,0.7098960685800436,2.504040255186715
675,0.9261700116011238,0.12394338425504414,1.5268390874274886
676,0.7916578594128107,0.6623401547665632,3.0175050331541433
677,0.39285395740921236,0.09854786711170382,-0.5247975299808403
678,0.8650997736802224,0.5166196567486406,3.511863533232943
679,0.7313805478935949,0.6425697799458756,0.9343479539456419
680,0.5767317227069915,0.24591411260076912,3.0128086761953954
681,0.847212552382098,0.4090924916976231,2.994487259989359
682,0.4766006957612582,0.5137846838968807,3.737842223364769
683,0.785292864502934,0.038250341645311714,1.590353932916786
684,0.5903891000016003,0.7396430663230775,2.7011967551386498
685,0.775903546979585,0.08712632523693509,1.4002382007093628
686,0.6844405888096841,0.2789085513763192,4.752890824805373
687,0.4188533595718116,0.24663572017786162,2.686832320466305
688,0.37406922132507414,0.4693267204845454,2.104531818668286
689,0.2996900431707783,0.04193076819590269,1.2030940668883061
690,0.24265927682154154,0.860578698873277,2.891319912855174
691,0.29272197055892857,0.7067592215566696,0.9585117877473293
692,0.09246387659842192,0.43844985127890235,2.829430017557528
693,0.0034221750607205115,0.025459663745809658,-0.21273829894088564
694,0.9339701282985337,0.15603032280605378,2.1116185479709157
695,0.7125804628635954,0.519330153774117,2.475681286738631
696,0.7256841071128853,0.17794559744428085,2.6606577942181704
697,0.6808543094934623,0.5050889941264867,3.3611634377521713
698,0.8361319720299963,0.361824772411095,5.5630639052617985
699,0.10536740794324395,0.08992635424325757,0.9746937666261877
700,0.7329315507068969,0.05041312877564008,0.8125285048727597
701,0.7912272642241361,0.4458723749590462,1.7956135168395813
702,0.13037542150392967,0.10989566185178556,0.4380322898121562
703,0.989279920788926,0.719927480906056,3.7458256277577715
704,0.3636176758697367,0.059872008611102645,1.4964274828570185
705,0.9833817331592284,0.7264050153680054,3.473895669973363
706,0.6445069167608283,0.22244954518800364,3.76082060374533
707,0.4118230635154263,0.6820857216524736,2.3892480292178893
708,0.34527067230614306,0.026015113270517753,0.7346155268914599
709,0.7772446071880263,0.7658926285131907,4.202548046036438
710,0.6958824833668001,0.7180367861037593,4.542220109136817
711,0.3581731547557403,0.9889671350055613,3.8745655734880775
712,0.03922324734119598,0.8380379286934232,1.4210130503456246
713,0.11634726051358868,0.36701640917105915,1.0691974817527283
714,0.48096756934484164,0.8217341704444548,5.097901028065176
715,0.049714338566830496,0.051289633301385584,0.11403555563784831
716,0.23508301473784965,0.10572978205651129,2.02976289332486
717,0.6105032871273018,0.15565334044409562,1.4062067677021448
718,0.32440638837701175,0.4625557208999169,2.5206046072598003
719,0.43702069438653424,0.8424651066332682,2.4817902117835495
720,0.06365886317747516,0.2827867205178367,0.14705643741890195
721,0.5352334869684517,0.7616712523511496,2.4592428503793933
722,0.7049960549182479,0.7013755748858189,2.9151319006822085
723,0.8766723833507926,0.4932073708360626,2.3770312289339963
724,0.7134092566525166,0.10066861692729612,0.9535031299943835
725,0.058374562799017315,0.7816107143888678,1.9058313959044835
726,0.3484962733392176,0.5099049476370691,2.9591594576222375
727,0.7968223674805399,0.40298561532392607,3.4144133793912212
728,0.2341073960388257,0.13183011297279656,1.9335869074044971
729,0.7039251575894993,0.2975606156416588,2.608921432535721
730,0.6084324998361215,0.3806263578875979,2.0944217238888054
731,0.411896806082918,0.7705184055976817,3.53436614523549
732,0.5718705303861507,0.10692817923279707,2.460759892331395
733,0.6154541385484782,0.9010868892355071,3.4827755855597404
734,0.4300381082886934,0.7010586132319911,3.242185114805147
735,0.5334869189671966,0.6309869869498618,0.12490255415111662
736,0.06994377487656667,0.4102286386575835,1.5345043546715285
737,0.4898060899552217,0.8988668682116191,4.222177984780119
738,0.6374791786806698,0.5373719367330797,1.6065851428555173
739,0.07750926943582526,0.4943409895564891,1.1624830081159585
740,0.5799810352150786,0.04492009092048066,0.9245669605719044
741,0.9028179708254167,0.2997592290996389,4.600609860708659
742,0.6304747307076748,0.8931027531290033,3.5583743702677326
743,0.5400281137581691,0.851528694435162,3.759482137277985
744,0.15392913728793622,0.1655622253088389,2.1958116562882903
745,0.8012478712313358,0.11130625660358806,2.002519205356708
746,0.872309766046755,0.2233732492774647,1.6218678958476374
747,0.5342830233000097,0.3374052176796808,0.7852352637224886
748,0.9294697546825809,0.7252678313392898,3.222298193728668
749,0.29018019368562564,0.388913422596214,0.5382096055338954
750,0.08701751133673663,0.36695304130113093,1.6202067782961365
751,0.3137402555454164,0.19058203975611987,1.644534336567313
752,0.7261118074169483,0.386365948570383,1.608307818591136
753,0.47313693436686877,0.1827127645728337,2.5076411413906543
754,0.6310763698500547,0.13058229846432512,0.38621311647638623
755,0.6576841803107135,0.49709876861197644,1.0732629257487933
756,0.8702030334873073,0.19184933473989163,3.6728152709799438
757,0.25549013681802,0.23458464646298227,2.3892808146400846
758,0.06969678388913436,0.7586088135592056,2.825275145856884
759,0.6541774070291506,0.1659218452080894,2.0873064563914636
760,0.5524574681687842,0.9563049958032243,2.906622867893984
761,0.3706214323364653,0.6293934145530228,2.242398392807519
762,0.7695784712623763,0.28368207011008517,3.097067014733347
763,0.29699700239858295,0.29253901594209664,1.5954633542303585
764,0.5112092336073302,0.43614488371728666,2.5325013099263867
765,0.825786033251163,0.20629003213582897,1.7443023702996878
766,0.8416044502165202,0.5346752541194677,3.041767629513706
767,0.7326884152258821,0.8687013892175977,4.342300234390814
768,0.5658057908798201,0.3555415408463901,2.731388284915737
769,0.40299486950706254,0.5178909472655855,3.156737088454511
770,0.6794963895056774,0.6162502001028395,3.553312298382377
771,0.2762656178141847,0.7732847441969736,2.189742420622012
772,0.7590591502339724,0.3104744807047657,0.6551436131776629
773,0.894731188156536,0.3695119830884753,2.397180859502908
774,0.16809005584960257,0.8450957347317417,1.9995529462829293
775,0.0741032684848798,0.9240836211370168,2.4526499580888967
776,0.5293486396994712,0.321901245232289,1.413361805960843
777,0.6853257262469971,0.15598202870388134,2.8136529671305155
778,0.9007225104281864,0.20294879702662094,2.82465622184918
779,0.8461620751155343,0.41951735724912054,2.176515173707055
780,0.2215208033041568,0.9807863013649873,2.688098335582894
781,0.4296669356190945,0.7389948622683579,4.21117425064296
782,0.2527378474289754,0.30859982087451066,1.7756774751400213
783,0.731192717349564,0.9893459140609727,4.524700720605652
784,0.9722357249439902,0.3274203482077995,2.890430918856812
785,0.4373501699841891,0.5876777747692551,4.144822342672102
786,0.8389483886670935,0.8626311262467803,5.2607731557737205
787,0.9142839904847672,0.87455077249298,2.3316494121070557
788,0.7815755188790204,0.8963136435389754,4.843553950743603
789,0.2965060181046977,0.43669242082325344,1.8925050705119573
790,0.6711589245940403,0.827559573823604,3.1893105495411693
791,0.47619512922295404,0.36396545478042097,2.7159785350491785
792,0.7515466790435478,0.0818335975648059,0.33263164776622123
793,0.09660177969932371,0.5932608031991496,0.05691932548935208
794,0.7859976045964044,0.35581117506289994,1.794265057986139
795,0.9018543850158652,0.645001681981759,4.540889464057419
796,0.29635458066745,0.982783418722997,2.5469930431104593
797,0.6084435979030864,0.38570890915017986,0.8075071592927374
798,0.30578601508634895,0.061940263343055246,0.7178457885158525
799,0.22987983311428173,0.6202642266160014,2.310987445135225
800,0.5909746594599519,0.14099515776782157,0.5650147077486904
801,0.6046687919348335,0.4498875682589072,2.252577318378123
802,0.09331024721669212,0.1331162849906974,-0.32996128740131947
803,0.5720873927570284,0.3317486150580241,3.6632292644692703
804,0.4101545694504076,0.42975533694343304,1.817417637860832
805,0.9208882736055986,0.25793799247147275,3.593698336985137
806,0.19455437841615886,0.11315715093612622,0.9788229110942221
807,0.27018830689752227,0.23677151144405284,3.5447057875849897
808,0.30824306842834703,0.17837912183912186,1.1624022079063165
809,0.9641394785473983,0.22737359231328136,2.190223274255002
810,0.40873149208352355,0.30689786830198806,1.8249416570871986
811,0.46147619490151415,0.47175559853624005,3.200124498940041
812,0.06734306005433399,0.1674320934115655,0.032578113443332835
813,0.46577763982176923,0.12469083704377582,3.5543124392710803
814,0.9825865557372362,0.014458677415333465,-0.20324089932978895
815,0.7018659152642713,0.6557657567347239,2.664734162594892
816,0.6936040836483113,0.5617292259058221,2.6221933443125227
817,0.7087149772790438,0.43030834434533793,1.937104546548989
818,0.5223083388561299,0.5087950780346994,1.6551028338403164
819,0.028344918481225,0.7424864671895532,3.64005096578965
820,0.12159012481302811,0.9436950248052073,4.4370570015572754
821,0.7403106817500981,0.09723778923814386,3.0606476516148384
822,0.023364221925544104,0.3376222359962333,0.286627545126079
823,0.34204523872529535,0.7873053559443668,1.7650587723496165
824,0.10556990511914066,0.2057925281819789,0.6448226413520161
825,0.945538466427838,0.9742041909141229,4.786472914174908
826,0.4973625447912885,0.66980807788283,2.4025214671154353
827,0.09114028525385043,0.9794612613670803,4.035688992074226
828,0.9810955600421523,0.6683168953242116,3.6600109626423265
829,0.42438980615683586,0.39002723715248544,2.7478794848605084
830,0.0072496731094440214,0.3643023450965658,1.8043124529941659
831,0.48738591450681246,0.16733086817581733,0.8798160677423089
832,0.08757285573637275,0.7277214143832268,2.702939248904207
833,0.3843543889919586,0.3214698544146345,-0.38199476376203645
834,0.42515383178887467,0.9935661336506183,4.1186125262694455
835,0.4282472750621954,0.288392015934679,-0.05642614627756193
836,0.9500020679167726,0.8076364626704546,4.282001890892203
837,0.4942089469140447,0.17506929022808715,0.6365546248535096
838,0.505179128790179,0.8112905491290029,2.756591354813057
839,0.774365555488181,0.4605480275400289,2.328494775447757
840,0.4860207125165771,0.9946283701760514,3.1888852877322003
841,0.4220923986472418,0.9936896609717268,4.078784020412019
842,0.7038638590609371,0.0654066488583428,0.6648310077760947
843,0.9432524453727611,0.6181473522191582,3.840314828932006
844,0.2826987202620115,0.36931119849452276,3.26031462709308
845,0.07724681051428728,0.15884798844418935,0.7740215599600763
846,0.22070894737909075,0.06554642370671238,1.884384279466039
847,0.19108187979764213,0.3533029112148174,-0.313973817986402
848,0.7724041143249655,0.31066071363461567,2.1527288484901295
849,0.4465049221104327,0.1155153867178802,0.4366240973115737
850,0.9932276151724014,0.9285905491522658,5.063190172349744
851,0.138476401241323,0.6271010929262119,1.623488930382218
852,0.6730373630379102,0.48688528560626154,2.215029940239069
853,0.6095853992456118,0.36818151050736003,2.101790914593208
854,0.5548446989808729,0.24503447794633393,-0.10991931772761987
855,0.12493634678900034,0.3412219456090543,-0.29769203960010304
856,0.11593133004210265,0.7599942875654312,3.1223882258633138
857,0.9869432011715246,0.16693014521610683,3.3833219469728544
858,0.7623493377508369,0.7990715123304463,3.1972905405330136
859,0.6087325471831162,0.7129929633056497,3.079159755071059
860,0.5009337246710095,0.6357521762124413,4.446309291109102
861,0.2985091475029432,0.9832769829502553,5.73810116990165
862,0.791178775314822,0.9042533570147817,3.94984548236354
863,0.903619165199458,0.19230542781123228,3.7826796973204457
864,0.6763127479002031,0.7821589752540554,2.9058355210590943
865,0.727770882762902,0.7248957757356768,3.794326248452295
866,0.33785826430254684,0.5318310886154797,2.9433620355013765
867,0.3397178773353442,0.32747491830650544,2.1533265553639276
868,0.9346230845261493,0.6041740133702976,3.54699537791703
869,0.5413819805238826,0.27233882830096634,1.7222677360608127
870,0.9510146641567151,0.6656885379150851,2.485118579274083
871,0.969862408323132,0.9833494648296198,4.924131373360985
872,0.6160151239118503,0.6961233322638369,5.06358707954378
873,0.17264595142002737,0.3051535417765112,2.104157712046455
874,0.9634258816124965,0.02169187896437441,1.3561639314962983
875,0.9678485573776469,0.8173885938608222,5.622886180434163
876,0.04271093562337447,0.005714942653256894,0.1930466563134061
877,0.14959308203607058,0.4557281918977778,3.2335882384692467
878,0.56756087161095,0.27447903784476135,1.3999310339552493
879,0.633079702498584,0.5350139415921134,3.130271978762792
880,0.5671897001290296,0.3031828657043486,2.025030862889515
881,0.8761694102399343,0.9465329423771814,4.410379419464729
882,0.4419300463997249,0.8919614294002551,5.445856131357344
883,0.41998634081377906,0.24528252957281604,1.800634010043979
884,0.280916690209577,0.5982241044684429,3.32288777788661
885,0.963178892794959,0.9844655992322509,4.887912210553809
886,0.21564473270571716,0.05710498129388353,1.23071998800958
887,0.2655812071096252,0.2643049857536919,1.6088978033790293
888,0.457356553449185,0.31069775298101165,0.19354803453698333
889,0.33222823651239464,0.3898579867366323,1.1311418475997184
890,0.5174111404509167,0.6514779288229661,1.6518560270383904
891,0.3635073259618218,0.8868365282342897,2.9997431952951485
892,0.8268783387746316,0.54391876227771,3.848835081933443
893,0.6733010373024237,0.7548915514122678,2.73305953258526
894,0.6507079434915958,0.999228356807885,3.590173161108188
895,0.6358432136815877,0.6623682426788793,1.8746424381212414
896,0.5818783166924452,0.9821620975519378,4.6368134926615765
897,0.7742436013506188,0.09286243225429414,2.256365938486289
898,0.8309384582492596,0.47560184659347904,2.359717386908713
899,0.15042997602180852,0.8564813386503167,2.6820533740250196
900,0.22605288758173858,0.20308555939458883,2.0185857560574876
901,0.17284164019704995,0.02025068933872598,1.6761193747233814
902,0.657061210353422,0.8417160382136248,3.922952964195277
903,0.5603813765057053,0.8910127163196667,3.169416139470521
904,0.784815502591504,0.3540474386125544,1.809972980113062
905,0.5992579424428688,0.7762803679228926,5.619547692046982
906,0.8688227054406569,0.6833755070967364,3.416646297918455
907,0.06041238823603712,0.9006075440917242,1.3696919424588685
908,0.8037593452610322,0.9750482175106843,3.8572434886662323
909,0.010681298797476924,0.7182930908139884,1.2317364051755018
910,0.4746084990270626,0.7093997460361741,0.9737399078691524
911,0.7416041450225889,0.27993405696286155,2.5378817757885868
912,0.6278429178051542,0.9821846454184678,5.3675588788900646
913,0.46626823507358217,0.7585889260828053,3.27158786937538
914,0.540774758089758,0.4931607381295663,4.3108691191709205
915,0.2829568974080756,0.08316245141334222,0.9559693702556344
916,0.3379611373222394,0.9527601732553713,4.395437121048258
917,0.8245587721241806,0.9577598269381917,2.5281839123935104
918,0.12213233357410969,0.24519168922471657,1.4814037196380805
919,0.9466766144765658,0.9598286013967123,4.94674816472653
920,0.3630061515502997,0.5819987441548727,1.3705306031607853
921,0.8335605745260722,0.9553254570708535,4.168072383274247
922,0.6426505128539373,0.1413333621296664,1.9065176875878902
923,0.00428247526846981,0.2169504263225699,2.3473784779448623
924,0.18374468521559795,0.9603494523105648,3.797933616647682
925,0.7097136769380108,0.8816516809902846,4.968590778694763
926,0.6107133247951422,0.9266725576662997,2.7918122338938893
927,0.3966088050558002,0.9598504661693903,2.115252475782991
928,0.7647709470306523,0.9428302291414827,5.318740064216941
929,0.7220928534308636,0.6703870694967832,3.37662123704252
930,0.3502159583077916,0.582845502017324,2.8219035010722004
931,0.497565394435428,0.9606658270785048,5.073741197678573
932,0.38221649392588464,0.731013942159532,1.1178922008739942
933,0.6655382430543396,0.4040033889554133,3.4208312591652072
934,0.3193642647314555,0.7396812163617433,2.9245289537790833
935,0.10320819126551273,0.6907024052270047,1.560990879546936
936,0.062283750406806004,0.3910095005501618,1.4557814570901106
937,0.5548544644601345,0.23728069687247544,1.2885445222172525
938,0.517942234476003,0.04567386674410212,-1.0787327312718755
939,0.10587583844677728,0.7125570889488982,2.734616168701445
940,0.7066085055424002,0.2589802657873256,2.099806043296087
941,0.8961952765635717,0.6693003338765625,3.10459940841498
942,0.1175339679186942,0.34511014345522306,1.4079506997962
943,0.515885633362696,0.2671175816336808,3.1965217987066947
944,0.9748295835478423,0.1866181230669549,1.60508446813714
945,0.28029026986796357,0.43695255543679457,1.8143488947517494
946,0.9098999586001058,0.7745612809239966,4.930349255553585
947,0.7040101433421844,0.6931409121906934,5.896130946755676
948,0.14435046067533852,0.10713696024844921,-0.17703335099892037
949,0.1324944471549353,0.05259511204742706,1.6492697137305328
950,0.5394098780122358,0.7834068543851568,4.148435560564824
951,0.4486118074792669,0.5991269477093191,1.5286007430388673
952,0.25390632245765465,0.7720805756090307,4.090011253188667
953,0.06127429934329953,0.6113848415122067,0.866007444882706
954,0.99561704351179,0.2558751860859304,3.194858667285386
955,0.2612962520394949,0.38751411417305004,1.5543554283998522
956,0.8404967450059038,0.5088893016670387,3.787931413517778
957,0.7965817179218356,0.45242951242589946,1.651711135033612
958,0.3486592933500263,0.6466913277633455,2.9483378666576776
959,0.6773305577916438,0.8173470072966571,2.750537030094913
960,0.4775358680118462,0.6063201843527886,1.0466001168338326
961,0.14429752127299467,0.7149259478822042,2.8841073455768265
962,0.4002325651625409,0.42823701438548256,1.8962036942189882
963,0.8676873535247002,0.9721508611213461,4.350461445896737
964,0.1423469359970051,0.06925765410930718,2.5936593743874092
965,0.9695353156375918,0.8760060916520834,5.076064562445704
966,0.5441384951561015,0.4301974652686055,1.7913452682992732
967,0.2616306696868367,0.6862620620267111,3.016515667895275
968,0.9349605351404331,0.9105485503132192,6.927105779399813
969,0.665176049122294,0.23695719183649155,1.8888029121897512
970,0.022976103614040233,0.6027621841660008,1.6320066979659473
971,0.9509324946518273,0.21204292107864275,2.5971028272730776
972,0.8955344559635872,0.8618015136744207,5.229512904256346
973,0.1314153148745325,0.07878053866596024,-0.8399846546700526
974,0.49860768948640133,0.8490956998293429,4.1502332519734795
975,0.45600229955708016,0.4879615192950286,0.9551860199138684
976,0.6734147054311314,0.6661830739380838,4.441054641779632
977,0.31364260311784975,0.8668491880723911,3.3978195767675157
978,0.4868508595568266,0.7063945589065038,4.65276744635084
979,0.6715041672002786,0.15334699313329647,4.352151418712923
980,0.09816607715954151,0.5121038855677557,2.1119275760279583
981,0.37869348173241857,0.9289115708396491,2.2535024257585166
982,0.9817347017010055,0.45853294739739736,1.9806077377684572
983,0.5525977094283704,0.24118549530037803,1.463640241323842
984,0.5039483437892046,0.16276897558062975,2.547091220248551
985,0.39079514349961375,0.9168884414892874,3.0550946126455796
986,0.8068861160650308,0.6202614374399098,4.1115419370389565
987,0.8912028759140825,0.3330645528279311,2.9834669967405465
988,0.8871949581403629,0.5677898840573015,4.116316703441839
989,0.5970599454329727,0.874602349331681,3.9283905993821633
990,0.6216413552916535,0.8997069349931317,3.6635830571919223
991,0.6316292352856803,0.9369943429252543,3.6960479760985088
992,0.6714352274241996,0.8983382335646158,3.4963839305252336
993,0.8168213421644966,0.875029409937251,4.920632862112371
994,0.137828499220488,0.09940547721974158,-0.18596283832409533
995,0.9915478031653812,0.04734299377050899,2.703092508672604
996,0.8519488390784205,0.2882126198217497,3.6653080502146533
997,0.043554516131738774,0.31958199705046186,0.5045441979466251
998,0.599309147627633,0.36366082221638973,2.6520227177041638
999,0.17523864078164642,0.14305110851535674,-2.1009342420876047
