Feature1,Feature2,Feature3,Label
0.5217063877967629,0.7268569713619627,2.504102480965831,3
-1.0197103882173082,-0.7498603949848086,-0.7134631538244526,2
-1.8922247710555193,-1.0321714064274123,1.54176061148193,0
0.6258006070416566,-0.8662834645469855,-0.3509227441246656,0
1.0346123161944336,1.6413878150791243,3.182540449553313,3
0.07030411720101215,-0.40422728016286325,1.5498496790682308,3
1.4992210900852918,0.9881233669223631,0.004205238581898585,3
0.5599007070947826,-0.5852853267738185,0.416048563947065,1
0.9127040810122699,-1.18024541133493,0.9025844380526162,1
1.0776851673766918,-1.8662209137416346,1.6696349463673885,1
0.7513517099708288,-0.7246619929725109,0.6871193520493745,1
-1.4767957418291726,-0.14097644357096528,-0.9115561768974422,2
2.1522471598320125,2.91766508856303,0.43862605456890325,3
-2.0856485267311955,-0.6989274588260899,0.6691494759718423,0
1.548329873974357,-2.446857407844975,2.1370525428692386,1
-0.564490049720294,-1.5760008342283165,-1.0228787793300114,2
2.3149315712551326,2.911000440504887,-1.6054839409200956,3
0.9481708133043554,-1.2001817861219564,0.95212976257065,1
1.8927648624213322,-0.19816375984124246,0.8583928426974996,1
0.9579126278717637,0.2226857996941083,-0.10383942569727345,3
-0.5129853402012301,-1.084443358380211,-0.13227313130162233,2
0.08157082856136788,-2.2162661263068477,-0.7189659924678521,2
1.0609005106749003,-0.41080139454019626,0.7361693778469005,1
1.0903100989640595,1.5092945909157054,0.16921707863863233,1
-0.2626797055858666,-0.8879024849137823,1.0010065132045742,2
1.063074839968508,-0.3457139272748193,-1.2340477296903862,3
-0.42754529756719384,-1.5035096585210002,2.3744723304232274,0
0.8680653344870709,-0.8684070218109916,0.6198549558145092,1
1.033322823805073,-0.10902704572349275,-1.7023232750999124,3
0.06424517480644654,-1.396288122714464,1.758092516304997,0
0.39415030288300335,-1.699288462946443,2.366525600844517,0
0.5068598481504472,-3.020464210729505,1.3797068552030947,1
-0.2637340531007698,-1.362863183281188,1.7247812006311467,0
1.9739266915821978,-0.49680730458231726,1.0811100959715065,1
1.3310367262794236,0.21718956353837782,0.5326676937216085,1
-1.0098240274020092,-0.5069192479384891,-0.8188412542930718,2
0.7998538387581018,1.439694028120728,2.5920969708636257,3
-0.7813529541973633,-2.004634957413902,-2.3998058370335578,2
-0.6011592913187642,-0.9586056446824867,-0.038835767718248926,2
0.6312685497341736,0.5444516404926651,1.8652668812278599,3
-0.5682875844599927,-1.2696785311744814,1.5650252783820702,0
0.25134946157212523,0.9468134268109498,3.3429582765318075,3
-1.4068965755287075,-0.4592345259485554,-0.456370436723442,0
-0.044606481931012354,-1.3501737500153796,1.6128506204177788,0
0.01812473167615214,-1.239604019949104,0.7278006030767965,2
-0.8666557262304035,-0.8955569250427464,-0.5185583198123258,2
-0.9547154174395052,-0.8321733618865634,0.6498379319345267,0
-1.534133874096344,0.03984341402353153,-1.784517611719914,0
0.4162422724997368,-1.2517892220509996,0.5909688026114239,1
-2.224923505982331,0.06046672515827667,-2.404594538103545,2
-1.667700255103103,-0.7528281889976737,0.6038930210141208,0
-0.35532559714071055,-1.2671322670174674,1.4910126087746256,0
1.239649426667874,2.3140503532007073,2.3624337482351905,3
1.423628336109869,0.3034696374095116,0.6032225711514705,1
-2.22327373842229,-0.11661268502960487,-0.8553748502412861,0
0.5044626253644401,0.43756048872773023,-0.4285496053513269,1
0.878034230948461,-0.28586723686953863,0.5514363577051108,1
-1.362538559877212,-1.6916714499501064,3.3895987356398942,0
1.8235743669310667,-1.389116772600213,1.595738879318553,1
-0.1565752981166426,-2.6222959988260306,0.5390770283983273,1
-1.1461094722524545,-0.7400682251586311,0.31941362271104135,0
1.3041929895112903,1.0403858739915461,0.39663524299797615,3
0.4338583815056647,-2.076350869905125,1.5317587716949799,1
0.013667042490176584,-1.3156571764354545,0.7521992061045555,2
1.1522233479894401,2.5091129739259914,1.2299242850555405,3
1.4541305206005593,0.605896957529269,0.6296909863045473,1
-0.01661636670172606,-2.8637727982832217,1.1804215444799466,1
1.4293596127454358,1.4642882506472605,0.9971417715262644,3
-0.8228349936328208,-0.6906911787028123,0.15841467998054348,0
1.2359235520118637,1.2224630063533486,2.155360516281585,3
-0.22900334804576006,-1.709868062992703,-0.07785301650257193,2
0.8748751132302952,-0.2898291301776861,-0.946960884658471,3
0.6628562137815842,-1.4090019346585376,0.9000035497494043,1
0.372146998884312,-2.484360731519076,0.7822912879753041,1
1.4708725751524367,2.81011261167256,1.4375811204355107,3
-0.09520341703843105,-0.9744034871821289,1.237656928440257,2
-0.1699062964320286,-1.637138711709483,1.121504891448828,3
-0.496274280452085,-0.2735907179983075,-0.24500273824772467,1
0.3468277516792576,-0.2646380416580414,0.06491432890303805,1
0.34590959541302024,-0.3353249794389467,0.17466575093972048,1
0.9751723631380772,0.6267816989933206,0.7095107586019449,3
1.134326760654311,0.6775858951606228,0.04800418890321745,3
1.7462991578623372,0.592996770610829,0.861648623472789,1
0.5696197510357813,0.383769281238026,2.2048411512012533,3
0.3984285419624598,-1.4962822494371866,1.6454146355260373,0
-1.4478203821327589,-1.4526933015164207,-2.872186250317415,2
0.08076137965980701,-1.2937936816295474,1.0124384491999554,0
-0.887292868773089,-0.901215104063293,1.019344799669475,0
0.6695026182880234,0.20206219460780428,0.09477571085701997,1
0.31280624831016557,-0.827766045006084,0.31564893912347003,1
-0.07673257353988627,-1.5488157776480005,-0.22869214472001909,2
-0.9323775348457709,-1.3162628355417332,-1.1828218081855488,2
1.7120838202045574,3.4599181540710044,1.6400871046469163,3
1.135741494578469,0.2566614445676514,0.4986006303486489,1
-0.387988314669621,-0.9156920414941447,0.5867484292240519,0
1.1984937479061994,0.9962583337218146,1.0860446044952525,3
-0.956684954876547,-0.9518885927732685,-0.43914876432617866,2
-1.9065150692257287,-0.8438610634345459,0.9304653438436487,0
0.2929098643358179,-0.6062583670834656,0.47933797932669864,1
1.3746509363179746,-0.15323712382013022,0.36067200401798916,1
0.2108607964498005,-2.712238002556487,1.3120092464651567,1
-2.274269229684079,-0.045668095176015555,-2.741928593269743,2
0.2201331435217222,-0.1930827525461044,-0.010667886816805527,1
0.43842082263940985,-1.4200266508921877,0.9138994506821302,1
-2.763998116797638,0.5560880571867246,-2.336727948822344,2
-1.9114723395147113,-0.6266948659315522,-2.48030516505821,2
1.9817017512135409,0.7418980263730262,0.5177505472963166,1
-1.1866524449134177,-0.3412827511878588,-0.9232113607303134,2
-0.6419757957214007,-2.051683558888011,-2.2811975473319137,2
-1.2287896620511602,-1.1831195665683232,1.436409801568597,0
1.6679254813278082,1.5129877586305125,0.43774167289224686,3
2.416229860877789,0.05759783072760216,1.2965661610125538,1
-0.14478037557934065,-1.7243949376115377,2.7138696531268076,0
-1.0545256751150194,-1.09081190475826,1.411245891299696,0
-1.523105723660705,-0.7263699606026438,-2.1543613494451312,2
1.3931595791769986,1.7242885727112798,1.2540790223333032,3
1.058938763166441,0.5452047313525267,-0.2305544760356315,3
1.4867423233592167,1.7548001529065271,0.19626686815444416,3
0.24901369510749571,-0.9032520282229397,-0.08384988475802313,0
0.10520180953943847,-1.026322966950644,0.6220223345300806,1
0.18540616298320245,-1.2024068016721299,0.8720887888617026,0
1.037540178695093,0.17192785251316933,-0.5085150215005767,3
-0.358986911700117,-1.659567047823653,0.3020020663117542,2
0.7432362772018415,0.2761451807443286,0.9289126150916149,3
0.36415327605858616,-0.8506204664830515,0.017832371180970474,0
-1.4279324058682485,-0.5455720538941071,-1.1719768602136758,2
-1.8325883902512954,-0.7325265234719867,-2.2196675732468676,2
-1.1353802385774594,-0.6027581259405232,-0.9685586421051634,2
-2.148392840877542,-0.04483384520545408,-2.1704370043417978,2
-1.4941782458405806,-0.14083989919395767,-0.608536558859313,2
-1.0415666445928058,-1.1071804882018421,-1.5269428451618658,2
1.1417330898877998,0.8683227850841442,0.12399562839622891,3
-1.7353812670258022,0.05708869605482292,-1.7138509731840488,0
0.9067585592999198,1.5945487524566317,2.3831382702002735,3
-0.25127416460519014,-2.0713585661384446,0.7838396546447706,1
0.17263624469183336,0.35362577938921214,2.383120844788815,3
-1.0230236311191239,-0.5862853652169937,-0.20099622180970744,0
-1.5656163378340429,0.08177332091330092,-0.6957192397369096,2
0.08371232645551119,-0.22947362425625162,1.5680053849712987,3
-0.2755801176363909,-1.6126277090396484,2.3392092032630454,0
0.9004152079571619,1.5930934144080173,1.2928421885534038,3
0.04038952725910727,-1.3866791040058946,1.6291607843391773,0
0.7918475036791454,0.17068584344562077,-0.502444918994426,3
1.1434247155938617,-0.36624893253218427,-1.6340301424903396,3
0.8612765355416201,-0.48591289304216767,0.4206406417038774,1
0.45502295550441085,1.2373197305899302,2.9503395975271296,3
1.4167267344724976,-0.30458066998230204,1.158843518470887,1
0.20278802623484293,-1.043860673040802,0.7511300798336626,0
-2.312391735963523,-0.9874535333688094,1.5576292428556147,0
1.286510623010387,-1.692681895013352,0.9757588472851094,1
0.4362200028221651,-0.16151212683224636,1.0315592847510935,3
0.4796375467704941,-1.7889395275004292,2.403670943608943,0
-0.663648658363934,-0.9854510599082793,0.8554917493825793,0
0.4137404050075013,-0.8582462778732767,0.4127565954723771,1
-1.398947260085467,-0.9661975102827548,-2.6091716722757545,2
-1.0478944974821307,-0.883446046831974,-1.4919368993102706,2
0.6604008410281196,0.427515985756463,-0.415960055185403,1
0.10775380800144219,-1.4201127853418882,0.33347221572557406,1
0.05950565969523036,0.27932474847123356,1.7436409982258123,3
2.181010287957669,-0.3800896572323853,1.3936339315484367,1
0.7628979147462889,-0.7008213599507878,0.2444656040080968,1
-0.7975227968418285,-1.3535166889291965,-1.2526316156232238,2
0.4629568214680403,0.18887872934775685,1.066566075870857,3
-0.8611273591424529,-0.6348329035379563,-0.5343761561562937,2
0.9880360159399335,-1.4824721007199853,1.3718819457422122,1
0.018711095659278976,-1.0794995819426945,1.04994924462111,1
-1.4875245046396968,-0.9896168333564921,1.2876189951911479,0
0.36537961401358254,0.7243946066711349,2.7448206240057846,3
0.030444025913062944,-1.5449148336439102,0.8652925184204707,2
0.6139696246190856,1.237816322921816,2.551954249596057,3
0.45265019671820905,-0.4937216645486353,0.7597162510815005,3
0.23803142422491586,-0.9971930735632241,0.3712201321502999,1
0.9428187190555481,0.059317856280915904,0.43988958643145293,3
-0.7211765927418937,-1.2797370302721556,1.7067598441066938,0
-0.5239433789444213,-1.1536982045875885,-0.24731408145544975,2
1.4632428818412453,2.292631600804606,0.7945959605072885,3
0.1978543851632909,0.13251893529889502,2.854704811713897,3
-1.382467379239255,-1.4402507163743676,-3.3285666309518085,2
0.47584818126906603,-2.539618991800052,0.028187097833157537,2
1.2936938789670642,-1.554063414908137,1.3374794117985689,1
-1.0867365440397379,-0.9606947405718873,-1.2372942740566706,2
-0.3472317547134016,-2.054231298838764,-0.8717470414077104,2
-1.512316281914846,-0.06030056526862215,-0.6588083035716883,2
1.2293078544134977,0.20205497372396064,-0.7030705236475752,3
1.484250783216368,2.0260737990582327,1.695957560537912,3
1.0953146214525193,0.13008989360733225,0.0044050582489671974,1
-0.044132548472574085,-0.9519849303310195,0.03411399716300667,0
0.03472417308458997,-2.4289196556108443,-0.2739222823714256,2
0.3442941194842565,-2.843192822903724,1.0706533877910176,1
1.1959625300932304,1.2169290190870443,-0.23542904256554098,1
-2.592230866225452,-0.607656166457827,0.24080683799392266,0
0.5967691716181407,-0.08996894809212153,0.9108561569848841,3
0.09884156216036288,-2.023500248712077,0.11003307561215636,2
-0.20599117661255162,-1.4723444154838938,0.2059680470843368,2
1.5284551809758549,2.18734532725714,0.8244370959666111,3
2.8608595152263874,0.8504722784196117,1.1594936860986276,1
1.027256279122573,-1.2846107949400585,0.7141887316331141,1
1.18205047095149,0.38347511823597746,0.7322489868370581,1
-2.33894777813106,-1.0619853310059306,1.8705477473033214,0
-0.21761483328830478,-1.1948988317765192,1.3986769377239359,0
0.41225922487543665,-2.3588146119995623,0.8087653173931211,1
-1.839365699736312,-0.6308865157672149,0.10381582084869156,0
1.2483527288091385,0.4950975853245926,0.12002515527788271,3
-1.2195155155772608,-0.4001694903442857,0.22463623666323174,2
2.0481566428052274,-0.8407682501953575,1.7737193499361383,1
0.25061433973558866,-1.724511925505139,2.4859282866055548,0
0.8173275735383461,0.7450660873122368,1.3837110338829637,3
-1.9199039445403707,-0.8685507023925064,1.1771767651078258,0
-1.5142587671113863,-0.6531013116714501,0.5048608760035539,0
-1.9478412513375547,-0.7129697191978239,-3.1828821815644135,2
0.2882916874740358,1.1010325878081346,-0.3237700893158282,1
0.4189884791672136,-1.7615358631825666,2.363300874531902,0
-0.13679059304638364,-1.4770353424785962,1.9058968756561483,0
-0.893316268099752,-0.9210195274941169,0.7785465649014269,0
1.0274473904847137,0.058185797603308886,0.4939686897381125,1
0.7518211332443886,1.1436870365391165,0.8825847317935627,3
0.21907066084522286,-2.4574872158032877,-0.8982604407459707,2
0.33925139467817333,0.9032274611255764,1.537894930807929,3
0.20761045959085034,-2.3923839071181003,-0.0652013763218513,2
-0.9971742913232993,-0.6983597787761864,0.14828046951143814,0
-0.596283186542643,-0.7746760334724593,0.37206378461959555,0
-2.1877175635965793,1.058302118267505,0.1902694197052075,2
0.02916828489936374,-1.9960371460381552,-0.12890180227655046,2
0.3185304620663394,-0.8976799444206633,0.4491430101395175,1
-1.0243682523690425,-1.236489478558605,-1.4129766562373887,2
1.0274573547294765,-0.9937041193000449,0.8365137344472192,1
0.6383946915815051,0.6336899089575234,1.1428760496384047,3
-2.0067082061117856,-0.7000038016683181,0.4482916395263705,0
-1.0079311005284644,-1.0610023754372775,1.3202060642274587,0
1.0022048125280052,-0.24118474410141544,0.4660615691064013,1
0.5202652269602357,0.9363162665630117,1.4880601234756785,3
0.07457753175216153,-1.4301728615447349,1.8364911615848674,0
1.2089432512703229,0.46957421985599357,-0.01638935177456502,1
-0.32389772600644917,-1.408058564730445,0.24853215174814935,2
-1.110198519590306,-0.910081380923468,0.7909875708110132,0
0.8866233812149786,0.41891089285946737,1.732016412528294,3
0.5944190739499517,-0.9906152980064312,0.685744939433787,1
-0.45536568668339517,-1.2473901146731492,1.5189853236679043,2
0.5305725137024632,0.3416095693345419,2.1627533107898946,3
1.2388548541281301,1.994811603178495,1.9522977391988203,3
-0.6682575294410198,-1.656789038884568,-1.520640091585601,2
1.7705675240382162,-0.1661563779701407,0.9962784629096268,1
1.0906588334317506,-3.5501563718944302,-0.3577602297695348,2
2.2826035674470138,4.619524488223686,0.9426251923431166,3
-0.7162345519102827,-1.4220483908983765,1.938535443864741,0
0.07774682527380583,-2.5913088409976517,-0.7086392178230079,2
1.9423644398453623,-0.16463243968823327,0.9235999158134564,1
0.4430434906317531,0.5087946516868243,2.516997330019575,3
-0.3635238774429631,-1.4182310442199235,1.8092322005386592,0
0.7376009769700136,0.6728611011945387,0.9783654421560609,3
0.9183695300274506,0.9506878834784369,0.44027242000048783,3
0.7377825791279949,1.809037828104349,2.771382379048735,3
-1.204296651835318,-0.715769673898651,-0.7232653422536267,2
1.3962427419753543,2.125900228675426,2.4071089842584183,3
-0.9818453576991093,-1.3490845639842117,1.827327452224785,0
-1.0352403109268087,0.05995454437195469,0.5385371477290166,2
-1.1869702551980894,-0.8478741763098809,0.5570566545299023,0
0.3929415727417086,1.4093376879056678,3.4502949833583383,3
-1.1188746007973704,-1.0023469973403922,-1.0994008681374392,2
0.9282797692396834,-1.246459989918217,0.9277203755538391,1
1.7707750365796429,-1.6748134936664374,1.8741277598564157,1
1.9089065074025202,-1.9859704713407185,2.4542737974277506,1
-0.8325414289938456,-1.9134916133635143,-1.3921898610231676,2
0.33750534806623456,0.6353525177015421,2.3652240887242684,3
-0.6498319577028946,-1.3258078157249833,-0.9265480805725728,2
-0.23337307274828967,-1.5973183590197713,-0.19934112736378995,2
1.381119800196129,-1.0391006995253174,1.0459201622564422,1
0.968587442327197,-3.31939281629657,-0.23888423187833463,3
-0.5746363414440465,-1.233213166126983,1.4033218986606517,0
-1.5330960523190846,-0.1506201720751006,-0.14018129589474793,2
-1.2742022514017446,-0.47547578289175485,-0.19693726360626407,0
-1.7655766164326174,0.16557418587760497,-0.44229043465629103,2
-0.861296406762271,-1.5654803237227826,-1.4244703647767967,2
1.3584856237702305,-1.3884795518347857,1.4473563202657806,1
0.769020317860301,-0.4067591476980581,-1.101306011108612,3
-0.7004606988406192,-1.2910057148455276,-0.5973446949654082,2
1.2534330089163297,1.7807850396380198,1.5277255710242623,3
-0.18609097130946128,-1.3657621025919098,1.5783542528650134,0
1.4310688280371915,-2.3821480387667124,2.221651689705887,1
1.009950948949406,0.7967666583531743,1.3171918011296457,3
1.9817639492902615,0.8252607537917159,-2.0782553194029147,3
0.12649323990899375,-1.3732388152011412,1.4227991502650217,0
1.0529199763239838,0.5678095121187511,-0.14091853978289048,3
0.9742244976252336,-2.277010422976125,1.5625055995871477,1
1.0153382795079862,-0.5167509338453342,0.621414723736224,1
0.41643024378734816,-1.0560761322249181,0.5754339680625843,3
0.7030344071828767,1.536668873510401,2.1747275429517074,3
-0.1753862437297693,-0.8020099745791215,0.18379899607769112,0
0.6611494733083567,-0.05150251239886616,1.2729088460940825,3
-1.4310355579874117,-1.39918222848972,2.2409978919886555,0
1.2026556756805251,0.9908480338309482,0.1293247721330224,3
1.0846318889182645,1.0227207910832452,0.4902456073232383,1
-1.3509145466880748,-1.0184124621275135,1.2155964394103902,0
-1.2516624030824586,-1.0341140806295346,1.1017668541228074,0
0.032037051311716525,-1.2848320192926652,1.3232828620225887,0
0.4046920416222358,-3.8372309849105672,1.923087849522425,1
1.266801174650077,1.315395465367303,0.11836479664676225,3
0.4949532093114871,0.1328585182302826,0.13487201259773784,1
-2.5179430944715917,-0.5303919404898877,0.26045881758356015,0
-1.378786214460921,-0.9214019894638177,-0.7474439782690537,2
1.1717094971025015,-0.36210873561255963,-1.7320542391998455,3
-1.4209914820500127,-1.201997369553657,1.9405745391875142,0
1.678397631641892,1.9916689357887436,0.5887427615018943,3
1.3083898123536541,1.3401360603735497,0.3023685100483039,3
1.6277253340647566,-0.6596966535937215,1.2457946686069208,1
-1.4332319381165877,-0.6660313540185812,-1.397531131343359,2
-2.3952894570372063,0.5926631115585765,-1.3540595101411097,2
-1.2669912049495728,-0.7076416346977515,-1.2309155923506403,2
-1.3907163503518158,-0.99592417283148,1.3694812383726949,0
1.6010872009180885,-0.3165494081297586,-2.767856588251071,3
1.7240251237205366,-0.999859037147458,1.4155474619901443,1
0.5022938482015759,0.4860977601230333,2.4017492561103078,3
2.00119546283815,1.439880384137287,-2.2067119994724673,3
0.24100292046693172,-1.810550869039599,0.9470450313565073,1
-1.3718040502768352,0.09748647693806367,-0.19790717259676294,2
0.9566617014556312,0.9288428963907722,-0.18622544830535048,1
-0.5542872234419571,-1.0394259051725419,0.06574958187901658,2
1.2450745552396547,-1.251506532246416,1.2102848145231089,1
0.20718906798098435,-1.7089929733975902,0.23163169746051282,1
-0.4068533312165834,-1.3016905709267805,1.9360849292255484,0
-0.6479663936270399,-1.4942919596529118,-0.7386276919741405,2
-1.2800286350182408,-1.1934238311086753,1.4974957088430736,0
1.8222340329149753,2.7757104040079854,0.9767021526091253,3
0.40974159551531275,-0.07348218901329928,1.4732026390155326,3
0.8210285703715382,-2.0641802130426674,1.0193456104990513,1
0.9739642763779738,-1.7934347835750795,1.7729041542932586,1
-0.6454098979559886,-1.2129865287689163,1.3718903580449604,0
-1.3764138065939198,-1.2872901768447786,-2.3853364251347746,2
0.21421521084496042,-1.8465245729015254,0.25795170723473326,2
0.545814819693577,-2.6528583448239673,0.22738256650587774,2
-0.6008605070030133,-0.6907880500759997,3.719600007924522,3
2.4689831390783468,-1.4448802132830239,2.4552906461717265,1
1.6491357898279646,1.5195948234657883,0.01085739036624045,3
-1.7593886913348178,-1.1945650500207203,1.8545450050141552,0
-1.4911312979064306,-0.4596303112428177,-1.4557467556668953,2
-1.7505699984973364,-0.7689024295053616,-2.503299875061124,2
-0.7197124037609649,-1.3870679451427288,2.3534369314466446,0
0.6349603673231423,-2.1252788434857157,1.1275462463449804,1
-0.25244652043318705,-1.5990629392298916,-0.32772351310023895,2
0.9074529603730073,2.535690613531874,3.413349655553915,3
0.19968806492146496,-0.6577497802492215,0.2815318127278752,1
1.246780838738643,0.9778916103680613,-0.18269846329345696,3
-2.885272605038266,-0.13519618585902016,-3.41275909499925,2
1.0560589740978092,-0.41314293035228555,-0.2828657073983145,3
-0.5181291443044587,-0.8809563850649706,0.1658713162125568,0
0.5768802436542123,-2.6969510328529234,1.3430621135311895,1
2.5483654796122077,-0.2531652971933418,1.840364120287218,1
1.4714657381243155,1.4353556997710886,-0.6212441240711741,3
1.0127137424159378,-1.4038815662366786,1.1823348206491455,1
1.3816085355991619,2.434661349152397,1.8168702469218192,3
-1.8489701254446813,-0.5666777635321887,0.16467468687004094,0
0.9063187681359011,-0.17932344310635862,-0.4681258897514504,3
1.051730779219121,1.62361382797516,1.2184314202783129,3
0.6079622494738542,-0.4212109805586072,0.2656982984520313,1
0.458708773565881,-0.38688032672921,1.0132146127371766,3
-0.8437605227304462,-0.8345696246590075,0.3751541385525704,0
-1.1039623943425365,-0.6460385294916279,-0.12004208191737664,0
0.1741649057132113,-1.1469406974086294,0.5870369333869535,0
2.0567688741193733,-0.300860275412557,1.5120486739301997,1
0.8428531158989375,-2.1008510295174156,1.293970199260744,1
-1.1632827852556686,-0.7924188400046424,0.4092251692486464,0
-0.022991715754789865,-0.3766682090589122,-0.21502925158737485,1
1.1800344225978032,0.5301189873776484,1.1676682912143517,3
-1.2261324403289138,-0.7967963635393114,-1.5798923261640416,2
-1.3125186713681793,-1.335606938713977,1.8943066316212316,0
2.591342121708567,-0.3431550771351477,2.199956354415474,1
-0.650569352914639,-1.2141897908963402,-0.7435003188936234,2
-0.32707570231489813,-1.15575951947373,1.171630592353682,0
1.463970545937667,1.1221585100684963,0.14791312548429736,3
1.0859943935377134,0.9594477018076376,0.07688394798953602,3
-1.4760840636483685,-0.7014768549395722,0.6674641770557428,0
-1.607309309105049,-0.5587633109509093,0.20708400823803585,0
-1.523209398121876,-0.30697223876920465,-0.9392026350770704,2
0.9662375336960298,0.44011911509074464,0.2077237949742058,3
-0.41463450658928225,-1.057657770793801,-0.5341764508381681,2
-0.1894436352354325,-1.135049693513424,1.7976044920220247,3
1.5274468777511387,2.117463439886833,0.4715571257744493,3
-2.0632532767909884,-0.7095369966525602,0.9400066795158031,0
-0.9427905312009739,-0.7477411013965529,0.2371500827378341,0
-0.09981503078352771,-1.1247000286731024,0.9360194976438831,0
0.07518666351997882,-0.8717587039219546,0.4242854463649772,1
-0.7738705523951624,-1.6711631775114264,2.621597285621645,0
-3.1975980744168497,-0.1629980793908522,-0.18984380177832327,0
-1.023838691943063,-1.1431696722445663,1.650775948472461,0
0.8736085762125372,-0.26172431400010443,0.06840287995404115,3
-2.204192379107061,-0.9495274205050679,1.7934357281757904,0
-1.3372372930868526,-0.7016117006657203,-1.2058531801403345,2
-1.3112016644191704,-0.04083057208042895,0.05427010092897033,2
-1.7527659337100836,0.5886378352175392,0.14536630692095764,2
1.274313627599318,-1.1787458381328038,1.1903246509844905,1
-2.1316061685294603,0.17502619182199575,-2.0737008198267235,2
-0.476700823368879,-1.3726718310504764,-0.6273316419847623,2
-0.40767158202519604,-0.7033660656499587,-0.2914937553794308,0
-0.14757869968856174,-1.7580937572427564,0.46646339309640006,1
-0.8270133682114362,-1.1936505701753257,1.6119738928290164,0
-1.3815330797708676,-0.2707759639154479,-0.6163343604072021,2
1.207679163780614,-1.010238762879107,1.4515970806214253,1
1.2826797244174508,-0.23026839312942005,0.3612589324575195,1
0.7402704730681233,-1.0877025181056688,1.0275679122610861,1
-1.6825398230009379,-1.3528814989379845,2.148129148488297,0
-3.4704706996319463,2.284361325425433,-1.4908654190837265,2
1.3912086743655512,1.3099238231347237,-0.04174102346899655,3
0.6465614463775062,-2.1335694816848783,1.4881135502995728,1
0.0645370925879678,-3.1012401171270088,1.1931615382328813,1
-1.6438275210635585,0.09733470970492064,-0.5564657109894291,2
-0.34812825787907065,-0.9030192489144411,0.4293760848754782,0
-2.407374161936458,-0.4805679826923097,0.17534959484628654,0
0.9926051298558801,-0.4468525589868122,0.3218438113679798,1
0.44527728412277456,-1.9861981131490953,0.21974396607168,2
-0.5474624120310216,-1.0072128108844904,0.8434160660746333,0
-0.3035492984602083,-1.2075666992350524,1.1251836152201018,0
0.4561156964912423,0.027355435640228465,1.8183850633533933,3
-1.4360373299125806,-0.8306011860255867,-2.051736751333769,2
-3.9505957101665934,1.8934690613473961,-3.0504761660645565,2
1.2880365195944448,-0.575007014191558,1.2007559000356962,1
1.1305390394684474,0.6676283335946105,0.4342694616740985,1
-0.8395485973584221,-0.9531133915149985,-0.47646082856792393,2
-2.466607335399438,-0.41367150144657705,0.2070951223691173,0
1.0965476944309196,1.3369299874562572,1.1693944790119903,3
0.46756949721078744,1.1484177143206544,-0.32618962717375366,1
1.4303095834316666,-0.18020335133291865,0.9092374013228519,1
-0.6125397331222744,-1.0807902740293862,1.0510415619428939,0
-0.07396759853953927,-1.4375769166355008,0.6001200782433593,2
0.277056840069987,-1.2701228049558777,0.09143960422845199,3
-1.9480418122789218,-0.17198012806661922,-1.8943054100129721,2
0.38371187726023614,-1.788110556692799,1.3373387527261027,2
2.4617784404240943,2.4394578749360334,0.0008679248430575326,1
-0.08398261630889436,-2.060920234477734,0.6462560290147341,1
0.43880764711228504,-0.4492284353902545,1.053430206587638,3
1.6183640480507564,1.0095940317177163,-1.2779437231678097,3
-0.031602917452642654,-1.8546203241461794,2.7043739323914004,0
-1.1439811499636525,-0.3952834642639893,-0.06362707448092153,2
-1.3521772572407076,-0.527553969714341,-0.26036727134059134,0
0.5916266190733401,-1.082533935202035,0.8579456026631592,1
-0.7234755705633834,-0.6334580981039009,0.11367659104023753,2
1.4468315230802735,1.3650045716736188,-0.13639195736461818,3
-1.5858115203135439,-0.6083457982078814,-1.5336018998738257,2
0.3846088500807985,-1.58346348621536,1.1933931421245405,1
-1.6569160280230006,0.35104878856824784,-0.39402571386132923,2
1.409698032613914,0.13678597149880845,0.5367312821332887,1
-2.588236607468902,-0.5732572418181131,0.7625617821222722,0
-0.69524067423368,-1.2491703750823735,-0.9151205243304557,2
0.5871860492884325,0.2209668578207673,1.1957030153895432,3
0.7320681051172024,-0.42617746908626253,0.7281298188052351,1
0.366801220470927,-2.8081735758346063,-0.49968078531252313,2
0.5902296279202937,0.7409321756074837,2.1047691023084525,3
1.694375526368395,3.3299122016494795,1.7136874616118063,3
1.5515241120637893,1.3724619962684184,-0.5959197661475757,3
-0.4112868687107194,-1.7077458538316366,-0.8271043149132076,2
-0.5649525969917737,-1.447839047786683,2.249716019918755,0
0.7280097044082031,1.907958518550082,2.922270862230447,3
-0.08263016740154994,-0.9101777554038026,0.5080676715180338,0
1.729123122179854,-2.5260700883703153,2.2462218745034224,1
-0.4344534630548832,-1.307852897918825,-0.31199895845832215,2
0.11130110854565656,-1.203031867878999,0.8665032227105167,0
-1.3462749832381498,-0.6492390080230142,0.1268793967486327,0
0.9392718572034755,-1.308140462208378,1.460464282123959,1
-1.5917262033208437,-0.9030558043498806,1.1409898474703697,0
-0.3725736171041585,-1.3870241937495145,1.7422843800285803,0
-0.7986336919896266,-1.0220270171360228,0.46502715229157054,0
0.9276619911833848,-2.5203132534090718,1.724882322957362,1
0.7507714347522623,1.406922368791622,1.7131393613289925,3
-2.1243210051415473,0.822643815384662,-0.30801431675012647,2
0.1267344460735399,0.2223489255430513,0.06971109417542343,1
-0.18656631300490112,-1.6700559397117336,0.7494324233327152,1
1.1240102274802193,-1.7159615362568295,1.0931373524132546,1
0.57907254450561,-0.5855235119132689,0.881316255790948,1
-1.046675222885011,-0.7773752109347538,-1.0920096829375268,2
1.0508233159737896,1.216704784323886,1.0292005552939643,3
-0.2473358260308085,-1.824791538659091,-0.741240730744287,2
-0.4854900686992475,-1.3526240865404469,1.7110071736383934,0
1.2062926664437645,-1.0040646184570563,0.9347061153487174,1
0.905439069727798,0.9581730689944722,1.6762797278748827,3
-0.9309566224701853,-1.119326642055821,1.285741651283823,0
0.07979150053305673,-0.7195469581223308,1.7822293234370508,3
-0.4633863210747271,-1.2734235802083442,1.4312909052037492,0
-0.2432167420946676,-2.112254223954658,-1.317328407128208,2
2.685670831514657,0.42724595300488666,1.6752553241744788,1
-2.3918388302546205,0.6631031462359616,-1.1570838641448629,2
0.698516604736784,-2.0287626793646827,1.4512892091572558,1
-0.284233834991259,-1.4251742486180896,1.8329426155722395,0
-0.9312411647043898,-0.8198904350917993,-0.8116718416042794,2
1.0455856128712353,0.8443503831948158,-0.9530177839089369,3
0.6573637174915901,-1.1101075672739436,0.7487781053040922,1
1.1516572454393084,1.1177366252034657,1.9033563612737994,3
-0.2970056536555177,-1.4699283683805104,0.11815138165898298,2
-0.504516553720304,-2.1074405833234375,-2.292976569151125,2
1.5429863464255558,-0.7960297397884464,1.248093761241328,1
-0.5819821581326547,-0.9249364078004138,0.9972664579391464,0
1.252535357409749,-2.5891631060049156,2.0694928035147395,1
1.6464735132379564,2.2452302421761248,0.4697510467758572,3
-0.9153108505757186,-1.007523201025104,-0.8895484206360109,2
0.5832940087256191,-2.0377230227011505,1.070824573525814,2
1.1932941434278872,-1.6419925142466005,1.5840167164677512,0
-2.0821112695449244,0.40835351777724416,-0.6004858337547494,2
0.1874376544152382,-0.9868668753055623,0.27070771174092745,1
0.14020765157266268,-1.9107989937856757,0.7623679033664622,1
1.0425434964087748,0.8329561829560332,0.20335615052183398,3
0.9138889938874208,-3.196874093251968,0.004381725971326578,2
0.3012444155304599,-0.5565164625314426,0.5513738098093703,1
-0.24596189871342378,-1.3668657146002265,1.624451185711591,0
0.455996728190433,0.6571936643762386,2.7700629827211767,3
1.6632033005839222,3.12073924186376,2.238442451314118,3
-0.28086667908075214,-0.9667086704899928,2.280862480665812,3
0.6087637637143137,0.9287210761388821,1.4387855856765928,3
0.8624067628503255,-0.20833214066034267,-0.17486305318351092,3
-1.2132540752917662,-0.7718740087153553,0.3654278685638992,0
0.9022023266912618,1.6146034195294778,2.451111890386689,3
-2.7238610619249517,0.015700024316434913,-3.463241961670902,2
-0.5109787499204218,-1.1886494152204938,1.5296462291775592,0
0.5982835157460225,-1.3651373064012886,1.5338430091672488,0
1.5065435737086719,-2.3167446852726887,2.30745200922503,1
-0.3128348431263912,-1.5561355489331157,0.029185889805466436,2
1.0497796440950327,0.7493270284326543,1.458496836566385,3
-1.6612831325773914,-0.6494712091585226,0.4842332738938204,0
1.284894670902419,1.1585773143282543,-0.43376244062833824,3
2.1083545396278547,1.3326000907131155,0.5952119849907472,1
0.36706173291895405,-1.7143993985158368,0.9390208349947355,2
0.11752615842364378,-1.655523463937781,0.7041551879958268,1
-0.7172141013416362,-0.9344732366525216,0.393951706331795,2
-1.8785530724601407,-0.954455363900217,1.2529915083530532,0
0.6835814291892484,-1.1539954839369004,1.054825764741193,1
0.36331517173965877,0.2504058472545382,2.3204860837649606,3
-1.0525032160807277,-0.5736018048909401,-0.3542832654876039,2
2.404336628767472,2.621153395532632,0.2841019380382881,1
0.11006602162734536,-0.8631912037269872,0.6436102297165389,1
1.0327586713025516,0.48094741968123,0.21250456743557966,3
1.0457085563666477,-0.3927041454389404,0.4204867401516059,1
-0.5312909607112446,-2.626875863216913,0.8323346118897483,1
0.8744598252972062,0.3232838968030345,0.7863370347688357,3
0.8470611159793889,0.3201988522704353,0.6695178687668135,3
1.1069377863371483,0.5367763495872527,-0.9151156805190894,3
1.2220283709599624,2.4077677051559494,2.158353038518739,3
1.098702115782363,1.3427507737924556,2.275247102394413,3
0.5753410114383846,0.09268916213705714,-0.0007016223014413292,1
1.62321128409613,1.662261040458389,-1.2558318184923936,3
-1.4987001070032333,-0.8882126395758374,0.9798324717846417,0
-1.0655639430722428,-1.4432626935438668,-1.6295277682659979,2
-0.66412016399496,-1.234894115766931,1.538856170925695,0
1.4108068973869916,1.6491654916465615,1.1419590313416177,3
-0.7571198877705918,-1.180905129735172,1.4972950273418908,0
1.7800347425610445,0.20198048534782354,1.0979845506468116,1
0.2820564630372524,-1.4073688305369585,1.7337236434848293,0
-1.5054854527195611,-0.47820174891454736,-0.258900871648607,0
1.2091339499206115,1.694612472466445,1.675533218700148,3
0.26316958138876245,-1.5429715833528475,0.5120104615622996,2
0.42214007387385244,-1.086394629081472,0.35930777787704793,3
1.2053653982501442,-1.6578420679289683,1.0479171737189652,1
-1.1839381360430785,-1.5387859341791863,2.775508679452977,0
1.092110026451731,-0.7727056724957748,1.044667497027964,1
-1.4061667944082563,-0.7294985062457253,0.5345309632651778,0
1.3311994028231844,2.1454562288858385,0.1973197126524595,3
0.3890276002403974,-2.3436822391421313,-0.26538698888598455,2
-1.3258586766727933,-0.4524559390581725,-1.3777874766237668,2
0.45530207086671437,0.9468108288501116,2.8288327204827,3
-0.7961282516256577,-1.3012123779068618,-1.4394239027320022,2
1.1614276704065738,0.7881732912753121,0.5288962889585358,3
-0.9537074432299522,-1.429499527227523,-1.898327662513297,2
1.037647629539205,-1.0153568912747213,0.9579632641192198,1
-1.739825606804763,-0.4734512291070031,0.1835999956903951,0
1.8252343274208078,1.736923623894453,-0.4781495842643171,3
-0.9017246864180154,-0.8927597372356199,0.780959959488987,0
-0.2323636937763096,-1.4756809087254916,2.196052138151309,0
0.07821133677506409,-1.951079251184001,3.1004132975273047,0
-1.9224715737788562,0.25485711094757546,-1.0869839374255474,2
1.141991833041459,2.053544267795771,1.5731768575619143,3
-1.9271049228843131,-0.5349777825674633,-2.530805241903038,2
0.5250418809847943,0.02339180732249746,-0.003335804415672605,1
0.35168738584405324,-1.6387283479773607,2.1133705291126423,0
0.00162712929790354,-2.9197383382114053,1.2436121042773762,1
0.2635932688101992,-1.081044115398407,0.7222573828256604,0
1.606386817106289,1.664664215750582,0.24566979448553128,3
0.6529525458954286,-1.4398958387824432,0.8851607541971662,1
0.3856281259528438,-0.18765612039759327,0.7021887619332708,3
0.6048003252089948,0.3879561077669015,1.5137123544409476,3
-1.218709006512707,-1.1234304267806297,1.520738281234192,0
1.7004776614471435,-1.9156504734400375,2.0743372384860663,1
-0.6020057274038233,-1.454670426819038,-0.6958019150304345,2
-0.9796337105738849,-1.2782191298956973,1.9748965069476534,0
-1.7579171688469657,-0.24533285631915325,-1.571243953097613,2
-0.03352362286659205,-0.8470918640458409,1.3940344995952296,2
0.3015656990188298,-0.7235231474732777,1.027078104931989,3
-1.8751275250374138,-1.181019966386438,-3.197404884119787,2
1.227663973945769,0.4642931265235052,-1.0706081727966228,3
1.404055016134865,-0.14623601587332669,1.6758989161164455,1
-0.2883917312260711,-3.4306552434530757,0.8758636715496769,1
0.8557127806635667,-0.25413778519800123,0.7035781702957762,1
0.885064726375732,0.11360533638097792,0.7262875151013051,1
-2.1349289697303178,-0.5875237304805121,0.26908549326530284,0
-0.9977128334976534,-1.1343352862977811,1.4946145081858453,0
-1.519868821594338,-1.5311694047585327,-3.14088825436321,2
0.8269656857382508,1.8251135250229202,1.6756772089228722,3
0.05322355822209124,-1.6496189390707818,2.250549009078408,0
-1.0457008569786699,-0.9893311115580636,0.9869410003587562,0
0.6063978999248643,-1.271568994516763,0.7763801146272576,0
-2.0545268100754726,-0.5448714296285859,-0.07873968425950162,0
-0.31279350067535205,-0.8435525407039626,-0.15406436216820563,0
0.9243280216669286,-0.28168280140417545,-0.6893277446998152,3
1.0067260683893453,0.8560486752249522,1.1713507754734076,3
1.1750419289696175,0.9634834218363919,0.6441129764879236,3
-1.7417807187872247,-1.3427541420154494,-3.622040958563244,2
-0.5828209732140459,-0.8658228402233719,0.5422181872879417,2
0.5061137530243649,-3.2186536933846592,-1.194346381264311,2
-0.981344360533132,-1.6792946631133479,3.0997991205621114,0
1.935845658018876,0.9526116656444599,0.3458041782876484,1
0.9587543760783113,-0.2348122564909988,0.3855119216594176,1
1.8046326776828387,1.5399326631533092,-0.7719307107297482,3
0.6056939109608075,0.2351882315853735,0.5022381478378142,3
1.6517856413107028,0.9076367972713427,-0.5391877496134063,3
0.3765869188424875,-3.52705449965986,-2.278428497891218,2
1.8635767775614713,-1.5248664362088782,1.7260282220228675,1
-0.7237020542798579,-1.5347469522730472,2.32345632444234,0
-0.3443979014794951,-2.3877153626950136,0.738441965389751,1
1.440444757132194,2.440108911260489,1.1594381772337425,3
1.5663976587841484,-0.5437382227714519,1.3186913227606882,1
-1.6881461663048403,0.4185098465736483,-0.025354816817919845,2
0.7775382892977305,-0.8153060213349974,-1.5669795377122009,3
2.027398999754971,0.5007946245528769,0.9770198795047214,1
-0.29082212039631494,-1.536993519255057,2.2715148569299908,0
-0.2805433643573818,-1.6907221791023352,0.1998747730575896,2
-2.063973001758184,-0.2840265056259248,-2.242659131337946,2
-1.0351812542294563,-0.9001198889824306,0.7361071507331972,0
-1.5170901433058945,-0.029472092873570777,-0.5518152361801846,2
-1.278026464333393,-1.0947150202803129,-1.5956595236269993,2
-0.9317973074287431,-1.1951910622598199,1.6945909092316591,0
0.834289589847798,1.6279032675903229,3.3159677550191544,3
1.517288383609146,-1.3541956212985917,1.6064968065517649,1
0.9136823087831037,-0.3645158074796009,0.7064128296396626,1
1.371631352456885,2.077689786789655,0.4780660094545278,3
0.7991411267955701,1.6895426225467687,2.0345151194364575,3
-0.7627403562566462,-0.42041897485975144,0.8673554235358001,2
-1.0009650722096746,-0.9870685725686439,0.6856867513969973,0
0.498296012274412,-3.7823950304458074,1.860844699144181,1
-0.7273928930237705,-1.126170911783818,1.176317125465641,0
-1.0551862816147417,-1.0392961846155329,0.8616968771277991,0
-1.058548273598618,-1.1837984976170475,1.7049583855926547,0
1.2657696235839397,1.5916377301654725,1.6023745735717494,3
1.3169394919876454,0.1734947422195926,-1.0657684214625989,3
-0.27627832708020406,-1.2638455402406596,0.32242583243441514,2
0.6825815600223815,-0.6695068191424249,-0.15087641267922525,3
-1.7731158157037434,-0.73352854535618,0.7111314980399737,0
-0.3007509239150643,-0.9077829506970679,0.6881773913149045,2
0.8643101337144412,-0.9573003459444382,0.9313269449089173,1
-3.1873899683703932,0.46351395403649365,-3.5756629997880935,2
0.8596120782545207,-1.0271022338588975,0.929043331614424,1
1.3580024518478315,-0.23217141872701674,0.9820057629986112,1
1.0015135203810237,0.3179906136134296,-0.25812638033133983,3
-1.6057889063402397,-0.5597255829417515,0.035050220017894596,0
0.20818294283323724,-0.27642132313556056,1.4116990248801957,3
0.2896313371900805,-0.8864971500882284,2.2975925095985934,2
0.25020719150897386,0.33115254988986775,-0.43382096152044225,1
-0.9010001449424337,-1.0347436397963052,-0.7630059673671099,2
1.335713686728592,-0.005317441526907718,0.03835503634876525,1
1.320788172691275,1.0829140790730485,0.4532158027298506,3
-0.3610074458393031,-1.2087117788831845,1.399681426055734,0
-0.37114919881197683,-1.4129724842529336,1.5162202716817272,0
-1.837463763402638,-0.6766074387928991,0.7327562684759674,0
1.009593228736006,0.47526245399171785,0.0233286880000112,1
0.35860562400988305,-2.4730073181296053,1.434089554222101,1
-1.95715599319408,-0.6683464963487606,0.32687500073883724,0
0.5262528272340715,0.44817691416155037,1.2877880525060552,3
1.9912751993770617,-1.1254940607377413,1.6919216568208495,1
0.10629211267558225,-1.415903946223111,0.785359193401316,2
0.9957496615458761,0.29220435006164047,-0.2376197604359236,1
-0.09953421030229448,-3.503220698239111,1.3616597362814313,1
1.1087267562185361,-0.10351029151221625,0.8363211134795957,1
-0.9984073360660615,-0.6676354020678978,0.08826576532353336,0
-1.1216712584090311,-1.163994885979744,1.5942594480396888,0
-2.0710391924459746,-0.5613913976302897,0.5154226859346848,0
1.1871893121147394,-0.08336217167099613,0.38709670280672326,1
2.0566992534811184,0.9118044368254701,-2.3406627950655516,3
0.6277674625772487,-0.36672413738670984,0.7759378627901802,1
0.4964704923327834,-2.7553079865327206,0.3465495333984969,2
-3.0230046814928797,0.149131629671043,-3.7789777637500914,2
0.5021066687548617,-1.9369748097218291,0.23704220429196665,2
-1.1446519981771692,-0.7174522215208436,0.15499132693815332,0
-2.932815270097057,0.8946107822234108,-2.9795770492965437,2
2.1653321104915806,0.039834885282347576,1.6331379153574217,1
1.0095510084620518,1.4984220136444324,1.3774083700693278,1
0.28234041435942725,-1.9676170681706555,0.5381669085729284,2
1.3281304687225068,0.47764180507635756,0.33467833015702664,1
-2.8255637264107167,0.726301418950873,-2.346485052804451,2
1.6417119178568684,-0.9914273027764521,1.7149232933865095,1
1.7294320504922411,-2.508053457510137,2.0983109325153,1
-0.7000518919117881,-1.1578919577038187,1.5185353151456014,0
-0.008098743080953152,-1.0816121097360651,1.050422148088957,0
0.5081823909225547,-2.7600723085785703,0.0806001310412916,2
0.29977007406371226,-0.5264128426264059,1.120647333205282,3
-0.544705545098534,-1.031774190186735,0.669600017322981,0
0.9540926137314772,1.351463310682981,1.3048347798610702,3
0.6978633408854682,1.0101330482083153,1.2018120799022802,3
-0.39092355259525746,-1.26107621725418,1.665328014907134,0
-1.5181584729360988,-0.5320568216136912,-0.21656842862265413,0
-0.5320282981422428,-1.0839373938042725,0.9495220093173242,0
1.0361559791656452,-2.7194428574160225,2.073482742202366,1
-1.4451183267840726,-0.07968120486405073,-0.343154183251839,2
1.1435599103787195,0.9817218554063774,0.30373810857569483,3
-0.6758940542799272,-1.1047075749800417,-0.3301405103394661,2
-1.2198902010609065,-0.15050651904605816,-0.5102627294627136,2
1.7252881904361608,2.228828486387829,0.2336878204508498,3
1.2641259283601,1.4721459593875634,-0.01776802029996616,3
0.8006377172264089,0.4715883183743186,0.7800249307087096,3
-0.9718470066008701,-0.7170315550561763,0.1502274769112527,0
0.5622960396861405,-1.6318206773399226,0.9783466712729615,1
-1.7974272681671017,0.6787974996368893,0.8090759717447293,2
0.7572024123281936,0.5281587726632975,1.6970231404050704,3
-1.303695735528188,-1.1416455889318562,-2.284606546827808,2
0.140264671411789,-2.392249954939925,-0.606901645376931,2
-1.117464723156721,-0.8268671791675786,-1.1361251853044014,2
0.6274652904511273,-0.21277711075987105,0.5984897122449936,3
0.018634204484507588,-1.7591051253212442,0.5227537304080639,1
-1.378048510996809,-1.336769406159918,-2.1988072719177603,2
1.6322848034172508,-0.09893721100428898,0.6704662810152417,1
1.258094676978979,-0.8534994283546864,1.2400043205988573,1
-0.9235961215966593,-0.8160358288407166,0.587275334024754,0
1.0526397012746798,-2.213084963037271,1.6785790320800518,1
0.9445336090864092,1.0749337539801238,1.7238973185333828,3
0.7646140950814801,1.7585822233655573,2.4153987156626373,3
0.05797466144336161,-1.232414500344743,0.8991511249808373,0
0.7773750084662924,-0.058896622598757054,1.1472611137830566,3
1.297371960686538,2.0111865024644753,1.7536366322320678,3
-1.102696011437819,-1.0275172634720102,1.2876558843506953,0
0.6317888842461366,0.6522835382610961,0.43987904540780054,1
1.2743705669100573,1.8106703249826794,0.8896842045227318,3
-1.124638443132016,-1.3035727687056236,-1.2795254334448694,2
0.00936893421435081,-2.3352845786088654,-0.8480250051668735,2
0.08673029891363904,-2.2355354136569483,1.273884098261839,1
2.302850554285671,0.2142879231785222,1.017014180977279,1
0.9459778480779648,1.93056860300493,1.6885268733315384,3
-0.8422225898860857,-0.6832966482142451,0.34564995047543634,0
-0.6456268105677958,-0.6314481137971907,0.26221962740055615,2
-0.3173554082596617,-1.993322388622044,3.0682080861936205,0
-0.12232053229125728,-1.2219155494697245,0.5117841190966843,1
-0.4471278277030184,-1.2800234052081467,-0.15157391240711138,2
1.6898298958386144,0.7919264652203897,0.503624505172471,1
-1.2449824386662525,-0.740773322984859,-1.0320744860309763,2
-0.16090846562296401,-1.9535727919450196,-0.9350032076810076,2
1.1045589923008643,1.8991254681768568,2.808332049983663,3
-2.111200569331279,-0.31489581543060663,-0.34904494517004814,0
-1.3370588866572346,-1.1774818407077563,1.6105087396684457,0
-0.5050802733713968,-1.1884376037521998,-0.37873742348240025,2
0.3334843136796535,0.04813933380086699,1.7745096620960092,3
1.360601115299807,1.384636352877561,0.7289113069570241,3
-0.0745172293409504,-0.816566118149663,-0.16379675555694484,0
-0.01742363617551579,-0.8745269839020935,0.18491683642502577,1
-0.06277085595157972,-2.079825220538797,-1.0509663680645822,2
-2.6613479854445288,-0.19246206883593886,-0.3108477030939629,0
-0.005332675701751111,-1.2003763926806588,0.877176138998621,0
1.177459397119478,0.4726074974153054,-0.566647337129476,3
-0.8155853562265274,-1.8477025869052164,-2.092469465491263,2
-1.8379962461644266,-0.5374073913849456,0.08887911661828307,0
0.06908877261409763,-2.8253713465713,1.3728344896820341,1
0.9150076405899892,-0.4239093870436863,0.6180915580639812,1
-0.9176053469220986,-0.45975564240853917,-0.6790783870393655,0
1.2235898576178292,1.7705174035218667,1.6325943833378846,3
-1.4893206281352036,-0.7874857507606685,0.48372871232415926,0
-0.5033803371980302,-1.3174527191673207,-0.7536986814107687,2
0.4803322618457295,0.5545827762125343,1.1868654585775298,3
0.16740864980711478,-1.7006687675198862,-0.4996798112535735,2
0.8225590406603147,-1.1917134318297398,0.7903365881750951,1
-1.5415666646863744,-0.2937056170493443,-0.6794455078356865,0
-1.19821428268846,-0.7715891888539803,-1.097202549573774,2
0.5252856112634569,0.1677720738171402,1.685584479949472,3
0.5794538156389968,-0.8410239593332297,1.1814875038663102,1
0.9728383478439174,-1.6999654586344106,1.3583602426584176,1
-0.3225254147766601,-0.9893262822727026,0.5080391055574863,0
0.11193003261356216,-2.458642772998796,-0.3677456169192631,2
-0.4932935580809774,-2.3123325566455493,-2.0009120855918234,2
1.892596379551284,-0.6819122548384121,1.6985608839925894,1
-0.7867921499690402,-0.1076275918526558,0.7051335814054167,2
1.1356919273901063,2.2025124022761524,2.1759047771824847,2
0.7046721090496297,0.05140699472280863,0.46723474250090535,1
0.6118686263293693,0.2338971905583671,0.3087095082851137,0
0.38279295527029333,-2.4927849714672723,1.3484894616004341,1
1.2018376654554919,1.3125087861362548,1.48534042192684,3
0.27171667503770625,-0.9783829410725322,1.3079016780893191,3
0.6291139080573774,0.5910566969803075,2.322280484352625,3
0.4517877510701829,-1.438925687909454,2.0145766983804574,0
2.2634364199245853,0.5045110631842205,0.7587162002233784,1
-0.6822124934202529,-1.0310670437004497,-0.09046656554012966,2
-1.2958900308955916,-1.0963917366895144,-2.5579219557964605,2
1.3516792112735738,1.2823083232044619,0.12823372722273618,3
0.7151506415165294,0.6689205616005154,0.4947831839910596,1
-1.9682863831748159,0.15249208108766998,-1.7328944377723294,2
-1.0270784140079983,-1.1530635759483219,-0.9749624727373724,2
1.317174108126542,1.5395713093271213,-0.2668020963018527,3
-1.0914012427120703,-0.051999793781004944,0.5109066480715967,2
0.0048059935667563725,0.2103904198119656,2.2097445428214524,3
-1.3923352732215795,-0.36345374135087116,-0.8703453409455932,2
-2.7564661109471933,0.15929194917586287,-2.6798324302918273,2
-1.37559241815097,-0.5737939745915117,-0.31862192661673006,0
1.5982201095854172,0.749418357523978,-0.4112629436574784,3
0.762108674674574,-1.8150204347209564,1.6140428010899424,1
0.589429873779355,0.9591925330976252,2.1990861563107047,3
0.8706053201391685,-0.3376720594210679,0.5419173132204528,1
-0.3466847273446705,-1.5902501752325289,-0.6522659379038362,2
0.07972480180582009,-2.424795509611788,0.7085179817258298,1
1.2889233883895157,1.3807395151702588,-0.2598382721139372,3
-0.07754571953055389,-1.3820674298709543,1.6435392136750475,0
0.8548539400213367,-0.1314004253879444,0.3826181488670244,1
-0.7411693474680698,-1.676783321571179,-1.3461922700096824,2
0.980831609814097,0.40841038752465453,1.1680981260970364,3
0.9690456036416193,-1.8489013644638246,1.689387746610662,1
-1.296042614384402,-0.739862700759863,0.3323808442828482,0
1.0210597708925222,-0.05845340656763698,0.2350006373915191,3
-1.221839840529362,-0.7426320516673055,0.6464178213127493,0
2.2283709914803778,2.8958908962963057,-0.1796817484791362,3
0.8225139716127355,-0.3811356855893666,0.32402145292425677,3
1.404583935395682,1.8716896425317724,1.2544968872168472,3
1.0118597303130619,1.307679213899073,1.813462896603939,3
1.0597617118474119,0.958519165617669,1.0234340632913086,3
0.7574856724856702,-1.707231313890486,0.956425746541625,1
-1.0029808984142456,-1.3826262438566146,2.1473412815407165,0
-1.2054052935611674,-1.250566753022314,1.877546338863574,0
0.37349738328992654,-2.2867897324271595,0.9860059651955807,1
-1.912194267631385,-0.9080062758420948,1.1866432971297058,0
-0.6960839329474644,-0.8907752573301244,0.49970426914964405,0
1.5731037764077729,-0.8171517729595328,1.4521402794781846,1
1.6791972353951459,1.9194875274172516,-0.013641498807191788,1
0.5088983265138554,-1.5164740587882206,1.6140666840621312,0
0.8161106788278275,0.4751785718869257,0.36770251940321597,3
-1.1116795282921106,-1.2628368768546863,1.5954054014050316,0
1.1684431756392022,-0.4871554837755008,0.8744528534823921,1
-0.6396776480143089,-1.2102281758481856,1.5696787603329034,0
0.464292136278866,-2.113014923973168,1.2149785611002932,1
0.9303642847353493,0.2566473346225182,-0.1214814192253384,3
-1.3954030028419726,-1.469970980268612,-2.6334517838188325,2
-2.1856490891967875,-0.5802163616902445,0.42495660539783264,0
0.9151219480068522,0.6790819772408448,0.4755082215494447,3
-0.01952154472253964,-1.3282837467906106,1.6917407901341461,0
1.0154453270189174,-1.2159955030305243,1.1236502119393683,1
0.3419687294720054,0.3950716547966604,-0.5055048877181103,1
0.5469370969348257,-1.403825230749223,1.3655851426765793,0
0.835016650408542,1.6578931598849045,2.3691865521583835,3
-0.9956449263903043,-0.8767625071428788,-0.9192430587236745,2
1.7304404117924275,-1.209877578141249,1.3503572603379608,1
-2.352305791978882,1.1760526507585305,-0.782977796361596,2
0.6971329033531773,-3.074702488992612,1.6283326396816096,1
-0.7919084927388207,-1.2940411661722067,-1.3418717614500302,2
-1.0526308099540802,-1.0117904422603918,-0.6702483127625585,2
-1.0787043881342622,-0.9760011349754524,0.8594553701686584,0
-1.2245175315877137,-1.4441083470147382,-2.3948943334227026,2
0.4109855018618027,0.5077520304696591,1.5887402397206811,3
-1.1611747760856255,-0.3599889169478626,0.07221612564121727,2
-1.5699665069249171,-0.6445336367475302,0.44349117803349636,0
-1.4524586144082297,-1.563452684351582,-2.552479880548989,2
1.5150073538376103,2.5395538446226515,1.4102169591064344,3
0.18902509288214697,0.10562042656485127,1.5907394800593597,3
0.5716440356130584,0.775665131089125,1.9473340627592597,3
1.1531330867408993,-2.0339295430142927,1.159919390108012,1
-2.8167399234553248,-0.5214424103148299,0.6245501142436227,0
-2.3879637520641896,0.05242189593745605,-2.4887323669506163,2
0.6184453071929545,-1.3170673339265813,1.3077008320257835,1
1.3434096395026254,0.5423678379949353,-0.8396822412511777,3
1.1668708936009073,2.566295603241638,1.9204982057004045,3
-0.9080067945981154,-1.139014449586767,1.4568095481298011,0
-1.3612878526365289,-0.8453789154239574,-1.3286366048792262,2
1.1337669048522172,1.043884108438865,-0.40759924168194184,3
0.5336666409762476,-0.7479833032777783,0.5555604810984963,3
-2.416210363022695,-0.09396889529367014,-2.895751753711531,2
-2.4793426552083795,1.5185221714326418,0.2970143083880592,2
0.8314667068876941,1.5989811960586409,1.1712509433990246,3
0.3310790304420843,-2.847173064737399,-1.5950292944537372,2
-0.3221777537961156,-1.1732178541427336,1.171271645400016,0
1.5734925081493716,1.5972176243146654,-0.3237426207100498,3
-1.5585686786626298,-1.0492761058802778,1.344895252007818,0
0.7390693603673602,0.1467075844244502,0.9580559105260177,3
-0.6386335207588683,-1.20121700344724,1.2720599723242116,0
0.6133084774738653,-1.57094757730128,0.9524073164088622,1
-2.888778209343389,0.7688737338318861,-2.30423692058229,2
-0.8728491098757536,-1.7301135901561566,3.0585834606396993,0
-0.7887361697230626,-0.6568745497339531,0.16620095309642835,2
0.707560239233798,-0.7782389869138916,0.6303865744998781,1
0.8810394475353831,0.6429071245439104,0.016470554597632914,1
1.3419381756498816,-0.6678304063307824,1.2451604267957814,1
-0.9643676111726209,-0.715217178242739,-0.11263345613506925,0
-1.7061427565989489,0.12512097809072764,-0.45089583057726723,2
1.0960393311796417,-1.8047771882859267,2.1426492688743473,0
0.6126464580155632,-2.351794028564634,1.2610436450305156,1
-1.5265723617342744,-0.6196994641009175,0.40684650400043243,0
-2.1157742509649147,0.022306863932552323,-1.5571675818839807,0
-1.7504171037397511,-0.6997757852907718,-2.4996262609305053,2
-0.10879438807780217,-1.6643866438450552,2.344532268041039,0
0.7035943840064105,-2.39829926810092,0.5106743684384951,2
1.2943001779446006,2.800754879787083,2.319215928164094,3
0.9642917663400437,-2.431836601421705,1.2394661523871684,2
0.8826369735499812,1.9745916826929726,-0.823368297463615,1
-1.1744287531520388,-1.4635016596102701,-1.9235233635670497,2
1.3070289161719508,0.13913760055307134,0.34406811267062576,1
1.5891359412616604,2.556893171998597,0.8161001060676096,3
-1.0494183403219375,-0.8890458672169963,-0.15033885418644766,2
-1.2880384421849216,-1.0258128956197483,1.510835522093961,0
-1.237058961517879,-0.9556471635953978,-1.6639438553063965,2
-0.7179817046371483,-1.0070868651110874,0.044065013026687305,2
0.2698855822766201,-0.28023909835903704,0.3560923203779748,1
0.5027184374384625,-0.10148771949831015,1.6894469338571256,3
-1.3796976890147699,-0.9050897987477189,1.1152192466402095,0
-1.2438403399005868,-1.794345283263421,3.5745558920712375,0
0.9669327670952332,-2.863050069955425,1.9038381668674431,1
1.6501106892556014,1.4265244421400158,0.03269678480295202,3
1.1309703751430027,0.9388667074854419,0.9004391601408809,3
0.23996663728197987,-0.9194932414852923,-0.19780806692172348,1
0.7685408587766638,2.024940620491508,-0.6350744676241957,1
0.6613649016444694,1.3432768079897168,1.9776506676122023,3
-2.79002676676435,1.0510762271254355,-1.7890509829125674,2
0.4771293706866022,-0.29010623157269944,0.3385708357860777,1
0.9545996974881975,0.2628739685635838,-0.026791547081841394,3
0.37457323161156664,-0.9871776794190628,0.7674168061288146,1
1.2876075086264458,1.8572253573984383,0.04942913430094986,3
0.4254310443087397,-0.5440806713393385,0.06461926157460784,3
-1.5514073986821448,-0.9466886459710477,1.0437673067188222,0
-1.2670497477677727,0.2656298424603394,0.32141504004655275,2
-1.2172417597222691,-0.5970835352561861,-0.6683145835667412,2
0.7247603765985882,1.0345676946244011,1.447646975040604,3
-1.5975735595089111,-0.6381988191280162,0.05215744023226154,0
0.42753374314724946,-3.591834718939711,2.4291789868633535,1
0.37603130663088735,-2.1044634921804173,0.9489115468865147,1
1.047007981101872,0.8702319364520572,-0.06774941982456983,1
2.542134368418097,0.37855038847272926,1.3059328186659604,1
-1.6162100145717635,-1.4381549121550794,2.422917839528302,0
1.124818391388212,-1.6624866661660875,1.7131321205192522,0
-1.506132185405677,-0.7586072288867346,0.47824954832451594,0
0.27675562024745004,-1.8976023413526681,1.1311421582232704,1
-1.471914023877119,-1.3106814145895724,2.3559591342159436,0
-0.15086661728938977,-1.0956788631973133,0.7050480165017295,0
-1.3483673729149035,-0.3112701299919127,-0.5543524174920839,2
-0.1505777321074273,0.42282851647290687,3.8411878958896293,3
-0.5170848530412412,-1.8409710055764614,-1.7997999289002113,2
0.15314643363339053,-1.0743993150802216,0.24113879510865022,1
-3.088039078287111,0.957777197455272,-3.3761949975661265,2
0.9475338898532537,1.4086855932741265,1.4664624144335408,3
0.5157678243126413,-0.4418444760805106,0.6657550797049586,1
0.31853070182105947,-1.588980358724024,2.3667948674982426,0
0.025856068573573587,-2.186431867934047,-1.3121013023363641,2
1.5712426283394594,1.0469203349351188,0.5954880741831102,1
-1.4514779587544766,-0.8746890102984259,0.7803861650614762,0
-0.21288311875772048,-1.241804677843671,1.237903301831988,0
-0.6470240214384384,-0.9934284688325037,0.876527962730904,0
0.905573065227569,-0.039261068025184365,0.261635151557695,1
-2.5633423666822512,0.4445179340055818,-2.6401371659256183,2
-0.2993589606757717,-0.5990806914929816,-0.6439137467994023,0
1.7220666037493846,0.3257432007971961,0.795622880199784,1
-0.7941678492779114,-0.6618643190539324,-0.500391827267243,1
-0.7566377061529034,-0.7640468124044304,4.95980134523899e-05,0
0.9457854461845768,-0.7951208702098045,0.6024238262599209,1
0.9649213889333936,1.156939080138246,0.7682552713684982,3
-1.843415759251058,0.6763327036699422,-0.2810506881029744,2
-0.13300606234738654,-1.8420494655119892,0.8149839644722209,1
-2.3785040539484936,-0.019313728819884912,-3.0344393745722265,2
0.008904054092214064,-1.3722524321935807,0.7084111086649136,2
-0.401477682973189,-1.958676697052748,-1.309756624117754,2
1.7095870043048362,2.1726048613772653,0.43022413368322154,3
-3.121886148340178,1.4404292116790498,-1.9417561183352565,2
-0.18729692492281003,-1.7582895121606075,-0.04738698671547281,2
-1.2491025027254146,-0.8843798245083131,1.040357409236744,0
0.8690449671668041,-3.2663852892801923,-0.5530398559625105,2
1.184473617451607,1.0160388481210387,0.2225895379046824,3
-0.7878585494154312,-1.0972963808090996,-0.7423888337498041,2
-1.6458362372472801,-0.19900091407269838,-0.9110955965386682,0
-0.5923196770299459,-1.6927854411750283,-1.5887436834873059,2
0.5072565823171351,-1.2840442812348842,1.1668488184054446,0
-0.31674377525910424,-1.3897457686263954,1.734574954232047,0
-1.9461249204348334,-1.2187359190959803,2.185479046675014,0
1.6264342058575612,1.6271274374745703,0.34012299493349296,3
-1.0727197983976693,-0.9206410160995683,1.0349768323821853,0
0.8129377758470682,0.9287362350889611,1.5283845602014232,3
-1.174395571069018,-1.3220284289473705,-1.8691175170571135,2
-1.4540765180524884,-0.6907026938408393,-2.0064340449641485,2
-2.307601439455537,-0.8622260347221455,1.175354066232571,0
-0.02748521521528635,-1.6552814121980464,2.459358637485388,0
0.7091889303112834,0.38117318843294024,0.9321634665159874,3
-2.6936193467614125,-0.5260765305728489,0.39129537057376784,0
-0.18092213938303003,-1.396405429757166,1.5723469861713235,0
-1.9931124428964744,-0.23549746653354542,-1.818410481054624,2
-0.1882928291141983,-1.359285171256937,0.015903399059508327,2
0.6247710871700984,-1.4719915713653653,1.4711254170682546,0
0.2718801057974558,-2.3367434418769792,0.9451372693307976,1
-0.42307835583878706,-1.225791972111678,0.07513652871663923,2
0.10461381683916704,-1.0589812756980295,0.49305039505447756,0
-0.062400498246127034,-2.574548157078889,-1.2661953054664736,2
0.7806127330003104,1.1366161084452058,0.7888676374280419,3
-0.8225622896995002,-1.3246437943809748,2.1277859912928485,0
-2.460873876416128,0.5737643334694094,-1.8049142582088744,2
-0.44846791389670293,-1.9633182356624306,0.6902270990648753,1
-1.2924543955584673,-0.9313081509064571,0.9442653931410677,0
-0.009021609039701506,-3.3241011852921067,1.5076659147702314,1
-0.16927020283311078,-2.2247866556945666,-1.1003618934980768,2
-1.0788693983302828,-2.2239306581238356,-3.5837647702124658,2
-0.33604460847490214,-1.4747620599843558,0.25268432504705185,2
-1.0627796137886645,-1.5990824317543084,-1.9731744856680598,2
-0.9820865310827187,-0.7672104130886643,0.3576110460794901,0
-0.36820117181741463,-1.6025152560648888,-0.45685167336680466,2
0.4702279320911764,-2.7375647682329025,-0.4753866281711604,2
1.2434612167024568,-1.4593113016562702,1.4681453616224998,1
0.8705655030293425,1.6259028692847197,1.5963572932346866,3
-1.7113215032961042,-0.4740206333031428,-1.148529199451378,2
-1.0139963532106997,-1.354977768451978,2.1151816107215673,0
-2.004528355384834,-0.27580521185662465,-2.1511486586767825,2
-1.2762064076491964,-0.9095859274094646,0.8874741065685824,0
0.8982601624209308,0.9701803839011408,1.3953940712012183,3
